x,z,alpha
-9,-9,0.927779
-9,-8.71429,0.927779
-9,-8.42857,0.926713
-9,-8.14286,0.925635
-9,-7.85714,0.924544
-9,-7.57143,0.923443
-9,-7.28571,0.922333
-9,-7,0.921216
-9,-6.71429,0.920094
-9,-6.42857,0.91897
-9,-6.14286,0.917846
-9,-5.85714,0.916726
-9,-5.57143,0.915612
-9,-5.28571,0.914508
-9,-5,0.913418
-9,-4.71429,0.912347
-9,-4.42857,0.911299
-9,-4.14286,0.910278
-9,-3.85714,0.90929
-9,-3.57143,0.908341
-9,-3.28571,0.907436
-9,-3,0.906579
-9,-2.71429,0.905778
-9,-2.42857,0.905038
-9,-2.14286,0.904363
-9,-1.85714,0.90376
-9,-1.57143,0.903233
-9,-1.28571,0.902787
-9,-1,0.902424
-9,-0.714286,0.90215
-9,-0.428571,0.901966
-9,-0.142857,0.901873
-9,0.142857,0.901873
-9,0.428571,0.901966
-9,0.714286,0.90215
-9,1,0.902424
-9,1.28571,0.902787
-9,1.57143,0.903233
-9,1.85714,0.90376
-9,2.14286,0.904363
-9,2.42857,0.905038
-9,2.71429,0.905778
-9,3,0.906579
-9,3.28571,0.907436
-9,3.57143,0.908341
-9,3.85714,0.90929
-9,4.14286,0.910278
-9,4.42857,0.911299
-9,4.71429,0.912347
-9,5,0.913418
-9,5.28571,0.914508
-9,5.57143,0.915612
-9,5.85714,0.916726
-9,6.14286,0.917846
-9,6.42857,0.91897
-9,6.71429,0.920094
-9,7,0.921216
-9,7.28571,0.922333
-9,7.57143,0.923443
-9,7.85714,0.924544
-9,8.14286,0.925635
-9,8.42857,0.926713
-9,8.71429,0.927779
-9,9,0.927779
-8.71429,-9,0.927779
-8.71429,-8.71429,0.927779
-8.71429,-8.42857,0.926713
-8.71429,-8.14286,0.925635
-8.71429,-7.85714,0.924544
-8.71429,-7.57143,0.923443
-8.71429,-7.28571,0.922333
-8.71429,-7,0.921216
-8.71429,-6.71429,0.920094
-8.71429,-6.42857,0.91897
-8.71429,-6.14286,0.917846
-8.71429,-5.85714,0.916726
-8.71429,-5.57143,0.915612
-8.71429,-5.28571,0.914508
-8.71429,-5,0.913418
-8.71429,-4.71429,0.912347
-8.71429,-4.42857,0.911299
-8.71429,-4.14286,0.910278
-8.71429,-3.85714,0.90929
-8.71429,-3.57143,0.908341
-8.71429,-3.28571,0.907436
-8.71429,-3,0.906579
-8.71429,-2.71429,0.905778
-8.71429,-2.42857,0.905038
-8.71429,-2.14286,0.904363
-8.71429,-1.85714,0.90376
-8.71429,-1.57143,0.903233
-8.71429,-1.28571,0.902787
-8.71429,-1,0.902424
-8.71429,-0.714286,0.90215
-8.71429,-0.428571,0.901966
-8.71429,-0.142857,0.901873
-8.71429,0.142857,0.901873
-8.71429,0.428571,0.901966
-8.71429,0.714286,0.90215
-8.71429,1,0.902424
-8.71429,1.28571,0.902787
-8.71429,1.57143,0.903233
-8.71429,1.85714,0.90376
-8.71429,2.14286,0.904363
-8.71429,2.42857,0.905038
-8.71429,2.71429,0.905778
-8.71429,3,0.906579
-8.71429,3.28571,0.907436
-8.71429,3.57143,0.908341
-8.71429,3.85714,0.90929
-8.71429,4.14286,0.910278
-8.71429,4.42857,0.911299
-8.71429,4.71429,0.912347
-8.71429,5,0.913418
-8.71429,5.28571,0.914508
-8.71429,5.57143,0.915612
-8.71429,5.85714,0.916726
-8.71429,6.14286,0.917846
-8.71429,6.42857,0.91897
-8.71429,6.71429,0.920094
-8.71429,7,0.921216
-8.71429,7.28571,0.922333
-8.71429,7.57143,0.923443
-8.71429,7.85714,0.924544
-8.71429,8.14286,0.925635
-8.71429,8.42857,0.926713
-8.71429,8.71429,0.927779
-8.71429,9,0.927779
-8.42857,-9,0.926728
-8.42857,-8.71429,0.926728
-8.42857,-8.42857,0.925612
-8.42857,-8.14286,0.924481
-8.42857,-7.85714,0.923336
-8.42857,-7.57143,0.922178
-8.42857,-7.28571,0.921009
-8.42857,-7,0.91983
-8.42857,-6.71429,0.918644
-8.42857,-6.42857,0.917453
-8.42857,-6.14286,0.916261
-8.42857,-5.85714,0.915069
-8.42857,-5.57143,0.913882
-8.42857,-5.28571,0.912704
-8.42857,-5,0.911539
-8.42857,-4.71429,0.910391
-8.42857,-4.42857,0.909265
-8.42857,-4.14286,0.908167
-8.42857,-3.85714,0.907103
-8.42857,-3.57143,0.906077
-8.42857,-3.28571,0.905097
-8.42857,-3,0.904169
-8.42857,-2.71429,0.903299
-8.42857,-2.42857,0.902493
-8.42857,-2.14286,0.901759
-8.42857,-1.85714,0.9011
-8.42857,-1.57143,0.900525
-8.42857,-1.28571,0.900036
-8.42857,-1,0.89964
-8.42857,-0.714286,0.899339
-8.42857,-0.428571,0.899137
-8.42857,-0.142857,0.899035
-8.42857,0.142857,0.899035
-8.42857,0.428571,0.899137
-8.42857,0.714286,0.899339
-8.42857,1,0.89964
-8.42857,1.28571,0.900036
-8.42857,1.57143,0.900525
-8.42857,1.85714,0.9011
-8.42857,2.14286,0.901759
-8.42857,2.42857,0.902493
-8.42857,2.71429,0.903299
-8.42857,3,0.904169
-8.42857,3.28571,0.905097
-8.42857,3.57143,0.906077
-8.42857,3.85714,0.907103
-8.42857,4.14286,0.908167
-8.42857,4.42857,0.909265
-8.42857,4.71429,0.910391
-8.42857,5,0.911539
-8.42857,5.28571,0.912704
-8.42857,5.57143,0.913882
-8.42857,5.85714,0.915069
-8.42857,6.14286,0.916261
-8.42857,6.42857,0.917453
-8.42857,6.71429,0.918644
-8.42857,7,0.91983
-8.42857,7.28571,0.921009
-8.42857,7.57143,0.922178
-8.42857,7.85714,0.923336
-8.42857,8.14286,0.924481
-8.42857,8.42857,0.925612
-8.42857,8.71429,0.926728
-8.42857,9,0.926728
-8.14286,-9,0.925666
-8.14286,-8.71429,0.925666
-8.14286,-8.42857,0.924498
-8.14286,-8.14286,0.923312
-8.14286,-7.85714,0.92211
-8.14286,-7.57143,0.920892
-8.14286,-7.28571,0.919659
-8.14286,-7,0.918415
-8.14286,-6.71429,0.917161
-8.14286,-6.42857,0.915899
-8.14286,-6.14286,0.914633
-8.14286,-5.85714,0.913366
-8.14286,-5.57143,0.912101
-8.14286,-5.28571,0.910843
-8.14286,-5,0.909595
-8.14286,-4.71429,0.908364
-8.14286,-4.42857,0.907154
-8.14286,-4.14286,0.905971
-8.14286,-3.85714,0.904822
-8.14286,-3.57143,0.903712
-8.14286,-3.28571,0.90265
-8.14286,-3,0.901642
-8.14286,-2.71429,0.900695
-8.14286,-2.42857,0.899817
-8.14286,-2.14286,0.899014
-8.14286,-1.85714,0.898294
-8.14286,-1.57143,0.897663
-8.14286,-1.28571,0.897128
-8.14286,-1,0.896693
-8.14286,-0.714286,0.896362
-8.14286,-0.428571,0.89614
-8.14286,-0.142857,0.896028
-8.14286,0.142857,0.896028
-8.14286,0.428571,0.89614
-8.14286,0.714286,0.896362
-8.14286,1,0.896693
-8.14286,1.28571,0.897128
-8.14286,1.57143,0.897663
-8.14286,1.85714,0.898294
-8.14286,2.14286,0.899014
-8.14286,2.42857,0.899817
-8.14286,2.71429,0.900695
-8.14286,3,0.901642
-8.14286,3.28571,0.90265
-8.14286,3.57143,0.903712
-8.14286,3.85714,0.904822
-8.14286,4.14286,0.905971
-8.14286,4.42857,0.907154
-8.14286,4.71429,0.908364
-8.14286,5,0.909595
-8.14286,5.28571,0.910843
-8.14286,5.57143,0.912101
-8.14286,5.85714,0.913366
-8.14286,6.14286,0.914633
-8.14286,6.42857,0.915899
-8.14286,6.71429,0.917161
-8.14286,7,0.918415
-8.14286,7.28571,0.919659
-8.14286,7.57143,0.920892
-8.14286,7.85714,0.92211
-8.14286,8.14286,0.923312
-8.14286,8.42857,0.924498
-8.14286,8.71429,0.925666
-8.14286,9,0.925666
-7.85714,-9,0.924594
-7.85714,-8.71429,0.924594
-7.85714,-8.42857,0.923372
-7.85714,-8.14286,0.922129
-7.85714,-7.85714,0.920866
-7.85714,-7.57143,0.919585
-7.85714,-7.28571,0.918286
-7.85714,-7,0.916973
-7.85714,-6.71429,0.915646
-7.85714,-6.42857,0.914309
-7.85714,-6.14286,0.912965
-7.85714,-5.85714,0.911616
-7.85714,-5.57143,0.910267
-7.85714,-5.28571,0.908922
-7.85714,-5,0.907586
-7.85714,-4.71429,0.906264
-7.85714,-4.42857,0.904962
-7.85714,-4.14286,0.903686
-7.85714,-3.85714,0.902443
-7.85714,-3.57143,0.901241
-7.85714,-3.28571,0.900088
-7.85714,-3,0.898991
-7.85714,-2.71429,0.897958
-7.85714,-2.42857,0.896998
-7.85714,-2.14286,0.896119
-7.85714,-1.85714,0.89533
-7.85714,-1.57143,0.894637
-7.85714,-1.28571,0.894048
-7.85714,-1,0.893568
-7.85714,-0.714286,0.893204
-7.85714,-0.428571,0.892959
-7.85714,-0.142857,0.892836
-7.85714,0.142857,0.892836
-7.85714,0.428571,0.892959
-7.85714,0.714286,0.893204
-7.85714,1,0.893568
-7.85714,1.28571,0.894048
-7.85714,1.57143,0.894637
-7.85714,1.85714,0.89533
-7.85714,2.14286,0.896119
-7.85714,2.42857,0.896998
-7.85714,2.71429,0.897958
-7.85714,3,0.898991
-7.85714,3.28571,0.900088
-7.85714,3.57143,0.901241
-7.85714,3.85714,0.902443
-7.85714,4.14286,0.903686
-7.85714,4.42857,0.904962
-7.85714,4.71429,0.906264
-7.85714,5,0.907586
-7.85714,5.28571,0.908922
-7.85714,5.57143,0.910267
-7.85714,5.85714,0.911616
-7.85714,6.14286,0.912965
-7.85714,6.42857,0.914309
-7.85714,6.71429,0.915646
-7.85714,7,0.916973
-7.85714,7.28571,0.918286
-7.85714,7.57143,0.919585
-7.85714,7.85714,0.920866
-7.85714,8.14286,0.922129
-7.85714,8.42857,0.923372
-7.85714,8.71429,0.924594
-7.85714,9,0.924594
-7.57143,-9,0.923514
-7.57143,-8.71429,0.923514
-7.57143,-8.42857,0.922235
-7.57143,-8.14286,0.920932
-7.57143,-7.85714,0.919607
-7.57143,-7.57143,0.918259
-7.57143,-7.28571,0.916891
-7.57143,-7,0.915504
-7.57143,-6.71429,0.914101
-7.57143,-6.42857,0.912684
-7.57143,-6.14286,0.911255
-7.57143,-5.85714,0.90982
-7.57143,-5.57143,0.90838
-7.57143,-5.28571,0.906942
-7.57143,-5,0.905509
-7.57143,-4.71429,0.904089
-7.57143,-4.42857,0.902686
-7.57143,-4.14286,0.901308
-7.57143,-3.85714,0.899963
-7.57143,-3.57143,0.898659
-7.57143,-3.28571,0.897404
-7.57143,-3,0.896207
-7.57143,-2.71429,0.895078
-7.57143,-2.42857,0.894027
-7.57143,-2.14286,0.893063
-7.57143,-1.85714,0.892194
-7.57143,-1.57143,0.891431
-7.57143,-1.28571,0.890781
-7.57143,-1,0.890251
-7.57143,-0.714286,0.889848
-7.57143,-0.428571,0.889577
-7.57143,-0.142857,0.889441
-7.57143,0.142857,0.889441
-7.57143,0.428571,0.889577
-7.57143,0.714286,0.889848
-7.57143,1,0.890251
-7.57143,1.28571,0.890781
-7.57143,1.57143,0.891431
-7.57143,1.85714,0.892194
-7.57143,2.14286,0.893063
-7.57143,2.42857,0.894027
-7.57143,2.71429,0.895078
-7.57143,3,0.896207
-7.57143,3.28571,0.897404
-7.57143,3.57143,0.898659
-7.57143,3.85714,0.899963
-7.57143,4.14286,0.901308
-7.57143,4.42857,0.902686
-7.57143,4.71429,0.904089
-7.57143,5,0.905509
-7.57143,5.28571,0.906942
-7.57143,5.57143,0.90838
-7.57143,5.85714,0.90982
-7.57143,6.14286,0.911255
-7.57143,6.42857,0.912684
-7.57143,6.71429,0.914101
-7.57143,7,0.915504
-7.57143,7.28571,0.916891
-7.57143,7.57143,0.918259
-7.57143,7.85714,0.919607
-7.57143,8.14286,0.920932
-7.57143,8.42857,0.922235
-7.57143,8.71429,0.923514
-7.57143,9,0.923514
-7.28571,-9,0.922427
-7.28571,-8.71429,0.922427
-7.28571,-8.42857,0.921089
-7.28571,-8.14286,0.919725
-7.28571,-7.85714,0.918333
-7.28571,-7.57143,0.916916
-7.28571,-7.28571,0.915475
-7.28571,-7,0.914011
-7.28571,-6.71429,0.912527
-7.28571,-6.42857,0.911024
-7.28571,-6.14286,0.909507
-7.28571,-5.85714,0.907978
-7.28571,-5.57143,0.906441
-7.28571,-5.28571,0.904902
-7.28571,-5,0.903365
-7.28571,-4.71429,0.901837
-7.28571,-4.42857,0.900324
-7.28571,-4.14286,0.898835
-7.28571,-3.85714,0.897377
-7.28571,-3.57143,0.895959
-7.28571,-3.28571,0.894591
-7.28571,-3,0.893283
-7.28571,-2.71429,0.892047
-7.28571,-2.42857,0.890892
-7.28571,-2.14286,0.889831
-7.28571,-1.85714,0.888873
-7.28571,-1.57143,0.888029
-7.28571,-1.28571,0.88731
-7.28571,-1,0.886723
-7.28571,-0.714286,0.886276
-7.28571,-0.428571,0.885974
-7.28571,-0.142857,0.885823
-7.28571,0.142857,0.885823
-7.28571,0.428571,0.885974
-7.28571,0.714286,0.886276
-7.28571,1,0.886723
-7.28571,1.28571,0.88731
-7.28571,1.57143,0.888029
-7.28571,1.85714,0.888873
-7.28571,2.14286,0.889831
-7.28571,2.42857,0.890892
-7.28571,2.71429,0.892047
-7.28571,3,0.893283
-7.28571,3.28571,0.894591
-7.28571,3.57143,0.895959
-7.28571,3.85714,0.897377
-7.28571,4.14286,0.898835
-7.28571,4.42857,0.900324
-7.28571,4.71429,0.901837
-7.28571,5,0.903365
-7.28571,5.28571,0.904902
-7.28571,5.57143,0.906441
-7.28571,5.85714,0.907978
-7.28571,6.14286,0.909507
-7.28571,6.42857,0.911024
-7.28571,6.71429,0.912527
-7.28571,7,0.914011
-7.28571,7.28571,0.915475
-7.28571,7.57143,0.916916
-7.28571,7.85714,0.918333
-7.28571,8.14286,0.919725
-7.28571,8.42857,0.921089
-7.28571,8.71429,0.922427
-7.28571,9,0.922427
-7,-9,0.921335
-7,-8.71429,0.921335
-7,-8.42857,0.919937
-7,-8.14286,0.918508
-7,-7.85714,0.917048
-7,-7.57143,0.915558
-7,-7.28571,0.91404
-7,-7,0.912495
-7,-6.71429,0.910925
-7,-6.42857,0.909332
-7,-6.14286,0.90772
-7,-5.85714,0.906091
-7,-5.57143,0.90445
-7,-5.28571,0.902802
-7,-5,0.901153
-7,-4.71429,0.899508
-7,-4.42857,0.897875
-7,-4.14286,0.896263
-7,-3.85714,0.89468
-7,-3.57143,0.893136
-7,-3.28571,0.891642
-7,-3,0.890211
-7,-2.71429,0.888853
-7,-2.42857,0.887582
-7,-2.14286,0.88641
-7,-1.85714,0.88535
-7,-1.57143,0.884415
-7,-1.28571,0.883615
-7,-1,0.882962
-7,-0.714286,0.882464
-7,-0.428571,0.882128
-7,-0.142857,0.881959
-7,0.142857,0.881959
-7,0.428571,0.882128
-7,0.714286,0.882464
-7,1,0.882962
-7,1.28571,0.883615
-7,1.57143,0.884415
-7,1.85714,0.88535
-7,2.14286,0.88641
-7,2.42857,0.887582
-7,2.71429,0.888853
-7,3,0.890211
-7,3.28571,0.891642
-7,3.57143,0.893136
-7,3.85714,0.89468
-7,4.14286,0.896263
-7,4.42857,0.897875
-7,4.71429,0.899508
-7,5,0.901153
-7,5.28571,0.902802
-7,5.57143,0.90445
-7,5.85714,0.906091
-7,6.14286,0.90772
-7,6.42857,0.909332
-7,6.71429,0.910925
-7,7,0.912495
-7,7.28571,0.91404
-7,7.57143,0.915558
-7,7.85714,0.917048
-7,8.14286,0.918508
-7,8.42857,0.919937
-7,8.71429,0.921335
-7,9,0.921335
-6.71429,-9,0.920242
-6.71429,-8.71429,0.920242
-6.71429,-8.42857,0.918781
-6.71429,-8.14286,0.917284
-6.71429,-7.85714,0.915753
-6.71429,-7.57143,0.914188
-6.71429,-7.28571,0.912589
-6.71429,-7,0.910959
-6.71429,-6.71429,0.909299
-6.71429,-6.42857,0.90761
-6.71429,-6.14286,0.905897
-6.71429,-5.85714,0.904162
-6.71429,-5.57143,0.902409
-6.71429,-5.28571,0.900644
-6.71429,-5,0.898872
-6.71429,-4.71429,0.897101
-6.71429,-4.42857,0.895337
-6.71429,-4.14286,0.893589
-6.71429,-3.85714,0.891868
-6.71429,-3.57143,0.890185
-6.71429,-3.28571,0.888551
-6.71429,-3,0.88698
-6.71429,-2.71429,0.885485
-6.71429,-2.42857,0.884082
-6.71429,-2.14286,0.882785
-6.71429,-1.85714,0.881608
-6.71429,-1.57143,0.880568
-6.71429,-1.28571,0.879676
-6.71429,-1,0.878947
-6.71429,-0.714286,0.878389
-6.71429,-0.428571,0.878013
-6.71429,-0.142857,0.877823
-6.71429,0.142857,0.877823
-6.71429,0.428571,0.878013
-6.71429,0.714286,0.878389
-6.71429,1,0.878947
-6.71429,1.28571,0.879676
-6.71429,1.57143,0.880568
-6.71429,1.85714,0.881608
-6.71429,2.14286,0.882785
-6.71429,2.42857,0.884082
-6.71429,2.71429,0.885485
-6.71429,3,0.88698
-6.71429,3.28571,0.888551
-6.71429,3.57143,0.890185
-6.71429,3.85714,0.891868
-6.71429,4.14286,0.893589
-6.71429,4.42857,0.895337
-6.71429,4.71429,0.897101
-6.71429,5,0.898872
-6.71429,5.28571,0.900644
-6.71429,5.57143,0.902409
-6.71429,5.85714,0.904162
-6.71429,6.14286,0.905897
-6.71429,6.42857,0.90761
-6.71429,6.71429,0.909299
-6.71429,7,0.910959
-6.71429,7.28571,0.912589
-6.71429,7.57143,0.914188
-6.71429,7.85714,0.915753
-6.71429,8.14286,0.917284
-6.71429,8.42857,0.918781
-6.71429,8.71429,0.920242
-6.71429,9,0.920242
-6.42857,-9,0.919148
-6.42857,-8.71429,0.919148
-6.42857,-8.42857,0.917622
-6.42857,-8.14286,0.916057
-6.42857,-7.85714,0.914452
-6.42857,-7.57143,0.912808
-6.42857,-7.28571,0.911125
-6.42857,-7,0.909406
-6.42857,-6.71429,0.90765
-6.42857,-6.42857,0.905861
-6.42857,-6.14286,0.90404
-6.42857,-5.85714,0.902192
-6.42857,-5.57143,0.90032
-6.42857,-5.28571,0.898429
-6.42857,-5,0.896525
-6.42857,-4.71429,0.894615
-6.42857,-4.42857,0.892708
-6.42857,-4.14286,0.890812
-6.42857,-3.85714,0.888939
-6.42857,-3.57143,0.8871
-6.42857,-3.28571,0.88531
-6.42857,-3,0.883582
-6.42857,-2.71429,0.881933
-6.42857,-2.42857,0.88038
-6.42857,-2.14286,0.878939
-6.42857,-1.85714,0.877629
-6.42857,-1.57143,0.876466
-6.42857,-1.28571,0.875468
-6.42857,-1,0.87465
-6.42857,-0.714286,0.874023
-6.42857,-0.428571,0.8736
-6.42857,-0.142857,0.873386
-6.42857,0.142857,0.873386
-6.42857,0.428571,0.8736
-6.42857,0.714286,0.874023
-6.42857,1,0.87465
-6.42857,1.28571,0.875468
-6.42857,1.57143,0.876466
-6.42857,1.85714,0.877629
-6.42857,2.14286,0.878939
-6.42857,2.42857,0.88038
-6.42857,2.71429,0.881933
-6.42857,3,0.883582
-6.42857,3.28571,0.88531
-6.42857,3.57143,0.8871
-6.42857,3.85714,0.888939
-6.42857,4.14286,0.890812
-6.42857,4.42857,0.892708
-6.42857,4.71429,0.894615
-6.42857,5,0.896525
-6.42857,5.28571,0.898429
-6.42857,5.57143,0.90032
-6.42857,5.85714,0.902192
-6.42857,6.14286,0.90404
-6.42857,6.42857,0.905861
-6.42857,6.71429,0.90765
-6.42857,7,0.909406
-6.42857,7.28571,0.911125
-6.42857,7.57143,0.912808
-6.42857,7.85714,0.914452
-6.42857,8.14286,0.916057
-6.42857,8.42857,0.917622
-6.42857,8.71429,0.919148
-6.42857,9,0.919148
-6.14286,-9,0.918058
-6.14286,-8.71429,0.918058
-6.14286,-8.42857,0.916465
-6.14286,-8.14286,0.914828
-6.14286,-7.85714,0.913147
-6.14286,-7.57143,0.911421
-6.14286,-7.28571,0.909651
-6.14286,-7,0.907838
-6.14286,-6.71429,0.905983
-6.14286,-6.42857,0.904087
-6.14286,-6.14286,0.902153
-6.14286,-5.85714,0.900184
-6.14286,-5.57143,0.898185
-6.14286,-5.28571,0.896158
-6.14286,-5,0.894112
-6.14286,-4.71429,0.892053
-6.14286,-4.42857,0.889989
-6.14286,-4.14286,0.88793
-6.14286,-3.85714,0.885889
-6.14286,-3.57143,0.883878
-6.14286,-3.28571,0.881912
-6.14286,-3,0.880008
-6.14286,-2.71429,0.878184
-6.14286,-2.42857,0.876459
-6.14286,-2.14286,0.874854
-6.14286,-1.85714,0.873389
-6.14286,-1.57143,0.872086
-6.14286,-1.28571,0.870964
-6.14286,-1,0.870041
-6.14286,-0.714286,0.869334
-6.14286,-0.428571,0.868855
-6.14286,-0.142857,0.868613
-6.14286,0.142857,0.868613
-6.14286,0.428571,0.868855
-6.14286,0.714286,0.869334
-6.14286,1,0.870041
-6.14286,1.28571,0.870964
-6.14286,1.57143,0.872086
-6.14286,1.85714,0.873389
-6.14286,2.14286,0.874854
-6.14286,2.42857,0.876459
-6.14286,2.71429,0.878184
-6.14286,3,0.880008
-6.14286,3.28571,0.881912
-6.14286,3.57143,0.883878
-6.14286,3.85714,0.885889
-6.14286,4.14286,0.88793
-6.14286,4.42857,0.889989
-6.14286,4.71429,0.892053
-6.14286,5,0.894112
-6.14286,5.28571,0.896158
-6.14286,5.57143,0.898185
-6.14286,5.85714,0.900184
-6.14286,6.14286,0.902153
-6.14286,6.42857,0.904087
-6.14286,6.71429,0.905983
-6.14286,7,0.907838
-6.14286,7.28571,0.909651
-6.14286,7.57143,0.911421
-6.14286,7.85714,0.913147
-6.14286,8.14286,0.914828
-6.14286,8.42857,0.916465
-6.14286,8.71429,0.918058
-6.14286,9,0.918058
-5.85714,-9,0.916974
-5.85714,-8.71429,0.916974
-5.85714,-8.42857,0.915313
-5.85714,-8.14286,0.913603
-5.85714,-7.85714,0.911843
-5.85714,-7.57143,0.910032
-5.85714,-7.28571,0.908172
-5.85714,-7,0.906261
-5.85714,-6.71429,0.904301
-5.85714,-6.42857,0.902294
-5.85714,-6.14286,0.90024
-5.85714,-5.85714,0.898144
-5.85714,-5.57143,0.896008
-5.85714,-5.28571,0.893837
-5.85714,-5,0.891637
-5.85714,-4.71429,0.889415
-5.85714,-4.42857,0.887181
-5.85714,-4.14286,0.884944
-5.85714,-3.85714,0.882716
-5.85714,-3.57143,0.880514
-5.85714,-3.28571,0.878352
-5.85714,-3,0.876249
-5.85714,-2.71429,0.874226
-5.85714,-2.42857,0.872306
-5.85714,-2.14286,0.870511
-5.85714,-1.85714,0.868868
-5.85714,-1.57143,0.8674
-5.85714,-1.28571,0.866132
-5.85714,-1,0.865087
-5.85714,-0.714286,0.864284
-5.85714,-0.428571,0.86374
-5.85714,-0.142857,0.863464
-5.85714,0.142857,0.863464
-5.85714,0.428571,0.86374
-5.85714,0.714286,0.864284
-5.85714,1,0.865087
-5.85714,1.28571,0.866132
-5.85714,1.57143,0.8674
-5.85714,1.85714,0.868868
-5.85714,2.14286,0.870511
-5.85714,2.42857,0.872306
-5.85714,2.71429,0.874226
-5.85714,3,0.876249
-5.85714,3.28571,0.878352
-5.85714,3.57143,0.880514
-5.85714,3.85714,0.882716
-5.85714,4.14286,0.884944
-5.85714,4.42857,0.887181
-5.85714,4.71429,0.889415
-5.85714,5,0.891637
-5.85714,5.28571,0.893837
-5.85714,5.57143,0.896008
-5.85714,5.85714,0.898144
-5.85714,6.14286,0.90024
-5.85714,6.42857,0.902294
-5.85714,6.71429,0.904301
-5.85714,7,0.906261
-5.85714,7.28571,0.908172
-5.85714,7.57143,0.910032
-5.85714,7.85714,0.911843
-5.85714,8.14286,0.913603
-5.85714,8.42857,0.915313
-5.85714,8.71429,0.916974
-5.85714,9,0.916974
-5.57143,-9,0.915899
-5.57143,-8.71429,0.915899
-5.57143,-8.42857,0.914168
-5.57143,-8.14286,0.912383
-5.57143,-7.85714,0.910542
-5.57143,-7.57143,0.908645
-5.57143,-7.28571,0.90669
-5.57143,-7,0.904678
-5.57143,-6.71429,0.90261
-5.57143,-6.42857,0.900485
-5.57143,-6.14286,0.898306
-5.57143,-5.85714,0.896074
-5.57143,-5.57143,0.893793
-5.57143,-5.28571,0.891468
-5.57143,-5,0.889103
-5.57143,-4.71429,0.886706
-5.57143,-4.42857,0.884286
-5.57143,-4.14286,0.881853
-5.57143,-3.85714,0.879421
-5.57143,-3.57143,0.877005
-5.57143,-3.28571,0.874623
-5.57143,-3,0.872297
-5.57143,-2.71429,0.870048
-5.57143,-2.42857,0.867903
-5.57143,-2.14286,0.86589
-5.57143,-1.85714,0.864038
-5.57143,-1.57143,0.862378
-5.57143,-1.28571,0.860939
-5.57143,-1,0.859748
-5.57143,-0.714286,0.858832
-5.57143,-0.428571,0.858208
-5.57143,-0.142857,0.857893
-5.57143,0.142857,0.857893
-5.57143,0.428571,0.858208
-5.57143,0.714286,0.858832
-5.57143,1,0.859748
-5.57143,1.28571,0.860939
-5.57143,1.57143,0.862378
-5.57143,1.85714,0.864038
-5.57143,2.14286,0.86589
-5.57143,2.42857,0.867903
-5.57143,2.71429,0.870048
-5.57143,3,0.872297
-5.57143,3.28571,0.874623
-5.57143,3.57143,0.877005
-5.57143,3.85714,0.879421
-5.57143,4.14286,0.881853
-5.57143,4.42857,0.884286
-5.57143,4.71429,0.886706
-5.57143,5,0.889103
-5.57143,5.28571,0.891468
-5.57143,5.57143,0.893793
-5.57143,5.85714,0.896074
-5.57143,6.14286,0.898306
-5.57143,6.42857,0.900485
-5.57143,6.71429,0.90261
-5.57143,7,0.904678
-5.57143,7.28571,0.90669
-5.57143,7.57143,0.908645
-5.57143,7.85714,0.910542
-5.57143,8.14286,0.912383
-5.57143,8.42857,0.914168
-5.57143,8.71429,0.915899
-5.57143,9,0.915899
-5.28571,-9,0.914837
-5.28571,-8.71429,0.914837
-5.28571,-8.42857,0.913036
-5.28571,-8.14286,0.911174
-5.28571,-7.85714,0.90925
-5.28571,-7.57143,0.907263
-5.28571,-7.28571,0.905212
-5.28571,-7,0.903096
-5.28571,-6.71429,0.900914
-5.28571,-6.42857,0.898667
-5.28571,-6.14286,0.896356
-5.28571,-5.85714,0.893982
-5.28571,-5.57143,0.891548
-5.28571,-5.28571,0.889058
-5.28571,-5,0.886516
-5.28571,-4.71429,0.88393
-5.28571,-4.42857,0.881308
-5.28571,-4.14286,0.878662
-5.28571,-3.85714,0.876004
-5.28571,-3.57143,0.873352
-5.28571,-3.28571,0.870724
-5.28571,-3,0.868144
-5.28571,-2.71429,0.865637
-5.28571,-2.42857,0.863235
-5.28571,-2.14286,0.860969
-5.28571,-1.85714,0.858874
-5.28571,-1.57143,0.856987
-5.28571,-1.28571,0.855344
-5.28571,-1,0.85398
-5.28571,-0.714286,0.852927
-5.28571,-0.428571,0.852209
-5.28571,-0.142857,0.851845
-5.28571,0.142857,0.851845
-5.28571,0.428571,0.852209
-5.28571,0.714286,0.852927
-5.28571,1,0.85398
-5.28571,1.28571,0.855344
-5.28571,1.57143,0.856987
-5.28571,1.85714,0.858874
-5.28571,2.14286,0.860969
-5.28571,2.42857,0.863235
-5.28571,2.71429,0.865637
-5.28571,3,0.868144
-5.28571,3.28571,0.870724
-5.28571,3.57143,0.873352
-5.28571,3.85714,0.876004
-5.28571,4.14286,0.878662
-5.28571,4.42857,0.881308
-5.28571,4.71429,0.88393
-5.28571,5,0.886516
-5.28571,5.28571,0.889058
-5.28571,5.57143,0.891548
-5.28571,5.85714,0.893982
-5.28571,6.14286,0.896356
-5.28571,6.42857,0.898667
-5.28571,6.71429,0.900914
-5.28571,7,0.903096
-5.28571,7.28571,0.905212
-5.28571,7.57143,0.907263
-5.28571,7.85714,0.90925
-5.28571,8.14286,0.911174
-5.28571,8.42857,0.913036
-5.28571,8.71429,0.914837
-5.28571,9,0.914837
-5,-9,0.913792
-5,-8.71429,0.913792
-5,-8.42857,0.911919
-5,-8.14286,0.90998
-5,-7.85714,0.907972
-5,-7.57143,0.905893
-5,-7.28571,0.903743
-5,-7,0.901519
-5,-6.71429,0.899221
-5,-6.42857,0.896847
-5,-6.14286,0.894398
-5,-5.85714,0.891875
-5,-5.57143,0.88928
-5,-5.28571,0.886614
-5,-5,0.883884
-5,-4.71429,0.881095
-5,-4.42857,0.878255
-5,-4.14286,0.875375
-5,-3.85714,0.872469
-5,-3.57143,0.869554
-5,-3.28571,0.866651
-5,-3,0.863785
-5,-2.71429,0.860985
-5,-2.42857,0.858286
-5,-2.14286,0.855725
-5,-1.85714,0.853345
-5,-1.57143,0.851189
-5,-1.28571,0.849303
-5,-1,0.847731
-5,-0.714286,0.846512
-5,-0.428571,0.845679
-5,-0.142857,0.845257
-5,0.142857,0.845257
-5,0.428571,0.845679
-5,0.714286,0.846512
-5,1,0.847731
-5,1.28571,0.849303
-5,1.57143,0.851189
-5,1.85714,0.853345
-5,2.14286,0.855725
-5,2.42857,0.858286
-5,2.71429,0.860985
-5,3,0.863785
-5,3.28571,0.866651
-5,3.57143,0.869554
-5,3.85714,0.872469
-5,4.14286,0.875375
-5,4.42857,0.878255
-5,4.71429,0.881095
-5,5,0.883884
-5,5.28571,0.886614
-5,5.57143,0.88928
-5,5.85714,0.891875
-5,6.14286,0.894398
-5,6.42857,0.896847
-5,6.71429,0.899221
-5,7,0.901519
-5,7.28571,0.903743
-5,7.57143,0.905893
-5,7.85714,0.907972
-5,8.14286,0.90998
-5,8.42857,0.911919
-5,8.71429,0.913792
-5,9,0.913792
-4.71429,-9,0.912768
-4.71429,-8.71429,0.912768
-4.71429,-8.42857,0.910823
-4.71429,-8.14286,0.908805
-4.71429,-7.85714,0.906712
-4.71429,-7.57143,0.904541
-4.71429,-7.28571,0.902289
-4.71429,-7,0.899955
-4.71429,-6.71429,0.897536
-4.71429,-6.42857,0.895032
-4.71429,-6.14286,0.89244
-4.71429,-5.85714,0.889761
-4.71429,-5.57143,0.886996
-4.71429,-5.28571,0.884146
-4.71429,-5,0.881215
-4.71429,-4.71429,0.878209
-4.71429,-4.42857,0.875133
-4.71429,-4.14286,0.872
-4.71429,-3.85714,0.868822
-4.71429,-3.57143,0.865617
-4.71429,-3.28571,0.862407
-4.71429,-3,0.859218
-4.71429,-2.71429,0.856084
-4.71429,-2.42857,0.853042
-4.71429,-2.14286,0.850138
-4.71429,-1.85714,0.847421
-4.71429,-1.57143,0.844945
-4.71429,-1.28571,0.842767
-4.71429,-1,0.840941
-4.71429,-0.714286,0.83952
-4.71429,-0.428571,0.838545
-4.71429,-0.142857,0.83805
-4.71429,0.142857,0.83805
-4.71429,0.428571,0.838545
-4.71429,0.714286,0.83952
-4.71429,1,0.840941
-4.71429,1.28571,0.842767
-4.71429,1.57143,0.844945
-4.71429,1.85714,0.847421
-4.71429,2.14286,0.850138
-4.71429,2.42857,0.853042
-4.71429,2.71429,0.856084
-4.71429,3,0.859218
-4.71429,3.28571,0.862407
-4.71429,3.57143,0.865617
-4.71429,3.85714,0.868822
-4.71429,4.14286,0.872
-4.71429,4.42857,0.875133
-4.71429,4.71429,0.878209
-4.71429,5,0.881215
-4.71429,5.28571,0.884146
-4.71429,5.57143,0.886996
-4.71429,5.85714,0.889761
-4.71429,6.14286,0.89244
-4.71429,6.42857,0.895032
-4.71429,6.71429,0.897536
-4.71429,7,0.899955
-4.71429,7.28571,0.902289
-4.71429,7.57143,0.904541
-4.71429,7.85714,0.906712
-4.71429,8.14286,0.908805
-4.71429,8.42857,0.910823
-4.71429,8.71429,0.912768
-4.71429,9,0.912768
-4.42857,-9,0.911769
-4.42857,-8.71429,0.911769
-4.42857,-8.42857,0.909752
-4.42857,-8.14286,0.907655
-4.42857,-7.85714,0.905476
-4.42857,-7.57143,0.903211
-4.42857,-7.28571,0.900857
-4.42857,-7,0.898411
-4.42857,-6.71429,0.895869
-4.42857,-6.42857,0.89323
-4.42857,-6.14286,0.890491
-4.42857,-5.85714,0.887651
-4.42857,-5.57143,0.884708
-4.42857,-5.28571,0.881665
-4.42857,-5,0.878522
-4.42857,-4.71429,0.875284
-4.42857,-4.42857,0.871956
-4.42857,-4.14286,0.868549
-4.42857,-3.85714,0.865074
-4.42857,-3.57143,0.861549
-4.42857,-3.28571,0.857996
-4.42857,-3,0.854444
-4.42857,-2.71429,0.850928
-4.42857,-2.42857,0.847492
-4.42857,-2.14286,0.844187
-4.42857,-1.85714,0.841072
-4.42857,-1.57143,0.838212
-4.42857,-1.28571,0.835679
-4.42857,-1,0.833543
-4.42857,-0.714286,0.831871
-4.42857,-0.428571,0.830721
-4.42857,-0.142857,0.830134
-4.42857,0.142857,0.830134
-4.42857,0.428571,0.830721
-4.42857,0.714286,0.831871
-4.42857,1,0.833543
-4.42857,1.28571,0.835679
-4.42857,1.57143,0.838212
-4.42857,1.85714,0.841072
-4.42857,2.14286,0.844187
-4.42857,2.42857,0.847492
-4.42857,2.71429,0.850928
-4.42857,3,0.854444
-4.42857,3.28571,0.857996
-4.42857,3.57143,0.861549
-4.42857,3.85714,0.865074
-4.42857,4.14286,0.868549
-4.42857,4.42857,0.871956
-4.42857,4.71429,0.875284
-4.42857,5,0.878522
-4.42857,5.28571,0.881665
-4.42857,5.57143,0.884708
-4.42857,5.85714,0.887651
-4.42857,6.14286,0.890491
-4.42857,6.42857,0.89323
-4.42857,6.71429,0.895869
-4.42857,7,0.898411
-4.42857,7.28571,0.900857
-4.42857,7.57143,0.903211
-4.42857,7.85714,0.905476
-4.42857,8.14286,0.907655
-4.42857,8.42857,0.909752
-4.42857,8.71429,0.911769
-4.42857,9,0.911769
-4.14286,-9,0.9108
-4.14286,-8.71429,0.9108
-4.14286,-8.42857,0.908711
-4.14286,-8.14286,0.906536
-4.14286,-7.85714,0.904271
-4.14286,-7.57143,0.901912
-4.14286,-7.28571,0.899454
-4.14286,-7,0.896894
-4.14286,-6.71429,0.894228
-4.14286,-6.42857,0.891451
-4.14286,-6.14286,0.888561
-4.14286,-5.85714,0.885554
-4.14286,-5.57143,0.882429
-4.14286,-5.28571,0.879183
-4.14286,-5,0.875818
-4.14286,-4.71429,0.872335
-4.14286,-4.42857,0.868738
-4.14286,-4.14286,0.865036
-4.14286,-3.85714,0.861239
-4.14286,-3.57143,0.857363
-4.14286,-3.28571,0.85343
-4.14286,-3,0.84947
-4.14286,-2.71429,0.845521
-4.14286,-2.42857,0.84163
-4.14286,-2.14286,0.837855
-4.14286,-1.85714,0.834267
-4.14286,-1.57143,0.830945
-4.14286,-1.28571,0.827978
-4.14286,-1,0.825458
-4.14286,-0.714286,0.823472
-4.14286,-0.428571,0.8221
-4.14286,-0.142857,0.821398
-4.14286,0.142857,0.821398
-4.14286,0.428571,0.8221
-4.14286,0.714286,0.823472
-4.14286,1,0.825458
-4.14286,1.28571,0.827978
-4.14286,1.57143,0.830945
-4.14286,1.85714,0.834267
-4.14286,2.14286,0.837855
-4.14286,2.42857,0.84163
-4.14286,2.71429,0.845521
-4.14286,3,0.84947
-4.14286,3.28571,0.85343
-4.14286,3.57143,0.857363
-4.14286,3.85714,0.861239
-4.14286,4.14286,0.865036
-4.14286,4.42857,0.868738
-4.14286,4.71429,0.872335
-4.14286,5,0.875818
-4.14286,5.28571,0.879183
-4.14286,5.57143,0.882429
-4.14286,5.85714,0.885554
-4.14286,6.14286,0.888561
-4.14286,6.42857,0.891451
-4.14286,6.71429,0.894228
-4.14286,7,0.896894
-4.14286,7.28571,0.899454
-4.14286,7.57143,0.901912
-4.14286,7.85714,0.904271
-4.14286,8.14286,0.906536
-4.14286,8.42857,0.908711
-4.14286,8.71429,0.9108
-4.14286,9,0.9108
-3.85714,-9,0.909866
-3.85714,-8.71429,0.909866
-3.85714,-8.42857,0.907706
-3.85714,-8.14286,0.905453
-3.85714,-7.85714,0.903103
-3.85714,-7.57143,0.90065
-3.85714,-7.28571,0.898089
-3.85714,-7,0.895415
-3.85714,-6.71429,0.892623
-3.85714,-6.42857,0.889707
-3.85714,-6.14286,0.886663
-3.85714,-5.85714,0.883486
-3.85714,-5.57143,0.880171
-3.85714,-5.28571,0.876716
-3.85714,-5,0.873119
-3.85714,-4.71429,0.869379
-3.85714,-4.42857,0.865498
-3.85714,-4.14286,0.861481
-3.85714,-3.85714,0.857336
-3.85714,-3.57143,0.853078
-3.85714,-3.28571,0.848727
-3.85714,-3,0.844311
-3.85714,-2.71429,0.83987
-3.85714,-2.42857,0.835455
-3.85714,-2.14286,0.831132
-3.85714,-1.85714,0.82698
-3.85714,-1.57143,0.823099
-3.85714,-1.28571,0.819598
-3.85714,-1,0.816596
-3.85714,-0.714286,0.814213
-3.85714,-0.428571,0.812556
-3.85714,-0.142857,0.811705
-3.85714,0.142857,0.811705
-3.85714,0.428571,0.812556
-3.85714,0.714286,0.814213
-3.85714,1,0.816596
-3.85714,1.28571,0.819598
-3.85714,1.57143,0.823099
-3.85714,1.85714,0.82698
-3.85714,2.14286,0.831132
-3.85714,2.42857,0.835455
-3.85714,2.71429,0.83987
-3.85714,3,0.844311
-3.85714,3.28571,0.848727
-3.85714,3.57143,0.853078
-3.85714,3.85714,0.857336
-3.85714,4.14286,0.861481
-3.85714,4.42857,0.865498
-3.85714,4.71429,0.869379
-3.85714,5,0.873119
-3.85714,5.28571,0.876716
-3.85714,5.57143,0.880171
-3.85714,5.85714,0.883486
-3.85714,6.14286,0.886663
-3.85714,6.42857,0.889707
-3.85714,6.71429,0.892623
-3.85714,7,0.895415
-3.85714,7.28571,0.898089
-3.85714,7.57143,0.90065
-3.85714,7.85714,0.903103
-3.85714,8.14286,0.905453
-3.85714,8.42857,0.907706
-3.85714,8.71429,0.909866
-3.85714,9,0.909866
-3.57143,-9,0.908971
-3.57143,-8.71429,0.908971
-3.57143,-8.42857,0.906741
-3.57143,-8.14286,0.904412
-3.57143,-7.85714,0.901978
-3.57143,-7.57143,0.899432
-3.57143,-7.28571,0.896768
-3.57143,-7,0.893981
-3.57143,-6.71429,0.891063
-3.57143,-6.42857,0.888008
-3.57143,-6.14286,0.884808
-3.57143,-5.85714,0.881459
-3.57143,-5.57143,0.877952
-3.57143,-5.28571,0.874283
-3.57143,-5,0.870446
-3.57143,-4.71429,0.866439
-3.57143,-4.42857,0.862259
-3.57143,-4.14286,0.857909
-3.57143,-3.85714,0.853393
-3.57143,-3.57143,0.848722
-3.57143,-3.28571,0.843913
-3.57143,-3,0.838992
-3.57143,-2.71429,0.833997
-3.57143,-2.42857,0.828982
-3.57143,-2.14286,0.824017
-3.57143,-1.85714,0.819195
-3.57143,-1.57143,0.814633
-3.57143,-1.28571,0.810469
-3.57143,-1,0.806859
-3.57143,-0.714286,0.803964
-3.57143,-0.428571,0.801935
-3.57143,-0.142857,0.800888
-3.57143,0.142857,0.800888
-3.57143,0.428571,0.801935
-3.57143,0.714286,0.803964
-3.57143,1,0.806859
-3.57143,1.28571,0.810469
-3.57143,1.57143,0.814633
-3.57143,1.85714,0.819195
-3.57143,2.14286,0.824017
-3.57143,2.42857,0.828982
-3.57143,2.71429,0.833997
-3.57143,3,0.838992
-3.57143,3.28571,0.843913
-3.57143,3.57143,0.848722
-3.57143,3.85714,0.853393
-3.57143,4.14286,0.857909
-3.57143,4.42857,0.862259
-3.57143,4.71429,0.866439
-3.57143,5,0.870446
-3.57143,5.28571,0.874283
-3.57143,5.57143,0.877952
-3.57143,5.85714,0.881459
-3.57143,6.14286,0.884808
-3.57143,6.42857,0.888008
-3.57143,6.71429,0.891063
-3.57143,7,0.893981
-3.57143,7.28571,0.896768
-3.57143,7.57143,0.899432
-3.57143,7.85714,0.901978
-3.57143,8.14286,0.904412
-3.57143,8.42857,0.906741
-3.57143,8.71429,0.908971
-3.57143,9,0.908971
-3.28571,-9,0.90812
-3.28571,-8.71429,0.90812
-3.28571,-8.42857,0.905823
-3.28571,-8.14286,0.90342
-3.28571,-7.85714,0.900903
-3.28571,-7.57143,0.898266
-3.28571,-7.28571,0.895502
-3.28571,-7,0.892603
-3.28571,-6.71429,0.88956
-3.28571,-6.42857,0.886366
-3.28571,-6.14286,0.883012
-3.28571,-5.85714,0.879489
-3.28571,-5.57143,0.875788
-3.28571,-5.28571,0.871901
-3.28571,-5,0.86782
-3.28571,-4.71429,0.863538
-3.28571,-4.42857,0.859049
-3.28571,-4.14286,0.854351
-3.28571,-3.85714,0.849443
-3.28571,-3.57143,0.84433
-3.28571,-3.28571,0.839025
-3.28571,-3,0.833549
-3.28571,-2.71429,0.827936
-3.28571,-2.42857,0.822238
-3.28571,-2.14286,0.816529
-3.28571,-1.85714,0.81091
-3.28571,-1.57143,0.805519
-3.28571,-1.28571,0.800527
-3.28571,-1,0.796137
-3.28571,-0.714286,0.792573
-3.28571,-0.428571,0.790048
-3.28571,-0.142857,0.788737
-3.28571,0.142857,0.788737
-3.28571,0.428571,0.790048
-3.28571,0.714286,0.792573
-3.28571,1,0.796137
-3.28571,1.28571,0.800527
-3.28571,1.57143,0.805519
-3.28571,1.85714,0.81091
-3.28571,2.14286,0.816529
-3.28571,2.42857,0.822238
-3.28571,2.71429,0.827936
-3.28571,3,0.833549
-3.28571,3.28571,0.839025
-3.28571,3.57143,0.84433
-3.28571,3.85714,0.849443
-3.28571,4.14286,0.854351
-3.28571,4.42857,0.859049
-3.28571,4.71429,0.863538
-3.28571,5,0.86782
-3.28571,5.28571,0.871901
-3.28571,5.57143,0.875788
-3.28571,5.85714,0.879489
-3.28571,6.14286,0.883012
-3.28571,6.42857,0.886366
-3.28571,6.71429,0.88956
-3.28571,7,0.892603
-3.28571,7.28571,0.895502
-3.28571,7.57143,0.898266
-3.28571,7.85714,0.900903
-3.28571,8.14286,0.90342
-3.28571,8.42857,0.905823
-3.28571,8.71429,0.90812
-3.28571,9,0.90812
-3,-9,0.907318
-3,-8.71429,0.907318
-3,-8.42857,0.904957
-3,-8.14286,0.902482
-3,-7.85714,0.899886
-3,-7.57143,0.897161
-3,-7.28571,0.894299
-3,-7,0.89129
-3,-6.71429,0.888126
-3,-6.42857,0.884796
-3,-6.14286,0.881288
-3,-5.85714,0.877594
-3,-5.57143,0.873699
-3,-5.28571,0.869594
-3,-5,0.865267
-3,-4.71429,0.860705
-3,-4.42857,0.8559
-3,-4.14286,0.850842
-3,-3.85714,0.845525
-3,-3.57143,0.839948
-3,-3.28571,0.834114
-3,-3,0.828037
-3,-2.71429,0.821743
-3,-2.42857,0.815277
-3,-2.14286,0.80871
-3,-1.85714,0.80215
-3,-1.57143,0.795749
-3,-1.28571,0.789717
-3,-1,0.784318
-3,-0.714286,0.779862
-3,-0.428571,0.776662
-3,-0.142857,0.774985
-3,0.142857,0.774985
-3,0.428571,0.776662
-3,0.714286,0.779862
-3,1,0.784318
-3,1.28571,0.789717
-3,1.57143,0.795749
-3,1.85714,0.80215
-3,2.14286,0.80871
-3,2.42857,0.815277
-3,2.71429,0.821743
-3,3,0.828037
-3,3.28571,0.834114
-3,3.57143,0.839948
-3,3.85714,0.845525
-3,4.14286,0.850842
-3,4.42857,0.8559
-3,4.71429,0.860705
-3,5,0.865267
-3,5.28571,0.869594
-3,5.57143,0.873699
-3,5.85714,0.877594
-3,6.14286,0.881288
-3,6.42857,0.884796
-3,6.71429,0.888126
-3,7,0.89129
-3,7.28571,0.894299
-3,7.57143,0.897161
-3,7.85714,0.899886
-3,8.14286,0.902482
-3,8.42857,0.904957
-3,8.71429,0.907318
-3,9,0.907318
-2.71429,-9,0.906571
-2.71429,-8.71429,0.906571
-2.71429,-8.42857,0.904147
-2.71429,-8.14286,0.901604
-2.71429,-7.85714,0.898932
-2.71429,-7.57143,0.896123
-2.71429,-7.28571,0.893167
-2.71429,-7,0.890054
-2.71429,-6.71429,0.886772
-2.71429,-6.42857,0.883309
-2.71429,-6.14286,0.879653
-2.71429,-5.85714,0.87579
-2.71429,-5.57143,0.871706
-2.71429,-5.28571,0.867385
-2.71429,-5,0.862812
-2.71429,-4.71429,0.857972
-2.71429,-4.42857,0.852848
-2.71429,-4.14286,0.847424
-2.71429,-3.85714,0.841689
-2.71429,-3.57143,0.83563
-2.71429,-3.28571,0.829242
-2.71429,-3,0.822525
-2.71429,-2.71429,0.815494
-2.71429,-2.42857,0.80818
-2.71429,-2.14286,0.800642
-2.71429,-1.85714,0.792981
-2.71429,-1.57143,0.78536
-2.71429,-1.28571,0.778021
-2.71429,-1,0.771303
-2.71429,-0.714286,0.765635
-2.71429,-0.428571,0.76149
-2.71429,-0.142857,0.759291
-2.71429,0.142857,0.759291
-2.71429,0.428571,0.76149
-2.71429,0.714286,0.765635
-2.71429,1,0.771303
-2.71429,1.28571,0.778021
-2.71429,1.57143,0.78536
-2.71429,1.85714,0.792981
-2.71429,2.14286,0.800642
-2.71429,2.42857,0.80818
-2.71429,2.71429,0.815494
-2.71429,3,0.822525
-2.71429,3.28571,0.829242
-2.71429,3.57143,0.83563
-2.71429,3.85714,0.841689
-2.71429,4.14286,0.847424
-2.71429,4.42857,0.852848
-2.71429,4.71429,0.857972
-2.71429,5,0.862812
-2.71429,5.28571,0.867385
-2.71429,5.57143,0.871706
-2.71429,5.85714,0.87579
-2.71429,6.14286,0.879653
-2.71429,6.42857,0.883309
-2.71429,6.71429,0.886772
-2.71429,7,0.890054
-2.71429,7.28571,0.893167
-2.71429,7.57143,0.896123
-2.71429,7.85714,0.898932
-2.71429,8.14286,0.901604
-2.71429,8.42857,0.904147
-2.71429,8.71429,0.906571
-2.71429,9,0.906571
-2.42857,-9,0.905882
-2.42857,-8.71429,0.905882
-2.42857,-8.42857,0.903401
-2.42857,-8.14286,0.900794
-2.42857,-7.85714,0.898051
-2.42857,-7.57143,0.895162
-2.42857,-7.28571,0.892117
-2.42857,-7,0.888904
-2.42857,-6.71429,0.88551
-2.42857,-6.42857,0.881921
-2.42857,-6.14286,0.878122
-2.42857,-5.85714,0.874097
-2.42857,-5.57143,0.869829
-2.42857,-5.28571,0.865299
-2.42857,-5,0.860487
-2.42857,-4.71429,0.855372
-2.42857,-4.42857,0.849932
-2.42857,-4.14286,0.844145
-2.42857,-3.85714,0.837989
-2.42857,-3.57143,0.831443
-2.42857,-3.28571,0.824487
-2.42857,-3,0.817107
-2.42857,-2.71429,0.809298
-2.42857,-2.42857,0.80107
-2.42857,-2.14286,0.792457
-2.42857,-1.85714,0.783538
-2.42857,-1.57143,0.774463
-2.42857,-1.28571,0.765491
-2.42857,-1,0.757038
-2.42857,-0.714286,0.749694
-2.42857,-0.428571,0.744182
-2.42857,-0.142857,0.741204
-2.42857,0.142857,0.741204
-2.42857,0.428571,0.744182
-2.42857,0.714286,0.749694
-2.42857,1,0.757038
-2.42857,1.28571,0.765491
-2.42857,1.57143,0.774463
-2.42857,1.85714,0.783538
-2.42857,2.14286,0.792457
-2.42857,2.42857,0.80107
-2.42857,2.71429,0.809298
-2.42857,3,0.817107
-2.42857,3.28571,0.824487
-2.42857,3.57143,0.831443
-2.42857,3.85714,0.837989
-2.42857,4.14286,0.844145
-2.42857,4.42857,0.849932
-2.42857,4.71429,0.855372
-2.42857,5,0.860487
-2.42857,5.28571,0.865299
-2.42857,5.57143,0.869829
-2.42857,5.85714,0.874097
-2.42857,6.14286,0.878122
-2.42857,6.42857,0.881921
-2.42857,6.71429,0.88551
-2.42857,7,0.888904
-2.42857,7.28571,0.892117
-2.42857,7.57143,0.895162
-2.42857,7.85714,0.898051
-2.42857,8.14286,0.900794
-2.42857,8.42857,0.903401
-2.42857,8.71429,0.905882
-2.42857,9,0.905882
-2.14286,-9,0.905256
-2.14286,-8.71429,0.905256
-2.14286,-8.42857,0.902722
-2.14286,-8.14286,0.900056
-2.14286,-7.85714,0.897247
-2.14286,-7.57143,0.894284
-2.14286,-7.28571,0.891157
-2.14286,-7,0.88785
-2.14286,-6.71429,0.884351
-2.14286,-6.42857,0.880644
-2.14286,-6.14286,0.876711
-2.14286,-5.85714,0.872533
-2.14286,-5.57143,0.86809
-2.14286,-5.28571,0.86336
-2.14286,-5,0.858319
-2.14286,-4.71429,0.85294
-2.14286,-4.42857,0.847196
-2.14286,-4.14286,0.841055
-2.14286,-3.85714,0.834487
-2.14286,-3.57143,0.827459
-2.14286,-3.28571,0.819938
-2.14286,-3,0.811891
-2.14286,-2.71429,0.803288
-2.14286,-2.42857,0.79411
-2.14286,-2.14286,0.784352
-2.14286,-1.85714,0.774044
-2.14286,-1.57143,0.763287
-2.14286,-1.28571,0.752314
-2.14286,-1,0.741585
-2.14286,-0.714286,0.731883
-2.14286,-0.428571,0.724323
-2.14286,-0.142857,0.720127
-2.14286,0.142857,0.720127
-2.14286,0.428571,0.724323
-2.14286,0.714286,0.731883
-2.14286,1,0.741585
-2.14286,1.28571,0.752314
-2.14286,1.57143,0.763287
-2.14286,1.85714,0.774044
-2.14286,2.14286,0.784352
-2.14286,2.42857,0.79411
-2.14286,2.71429,0.803288
-2.14286,3,0.811891
-2.14286,3.28571,0.819938
-2.14286,3.57143,0.827459
-2.14286,3.85714,0.834487
-2.14286,4.14286,0.841055
-2.14286,4.42857,0.847196
-2.14286,4.71429,0.85294
-2.14286,5,0.858319
-2.14286,5.28571,0.86336
-2.14286,5.57143,0.86809
-2.14286,5.85714,0.872533
-2.14286,6.14286,0.876711
-2.14286,6.42857,0.880644
-2.14286,6.71429,0.884351
-2.14286,7,0.88785
-2.14286,7.28571,0.891157
-2.14286,7.57143,0.894284
-2.14286,7.85714,0.897247
-2.14286,8.14286,0.900056
-2.14286,8.42857,0.902722
-2.14286,8.71429,0.905256
-2.14286,9,0.905256
-1.85714,-9,0.904698
-1.85714,-8.71429,0.904698
-1.85714,-8.42857,0.902116
-1.85714,-8.14286,0.899396
-1.85714,-7.85714,0.896528
-1.85714,-7.57143,0.893498
-1.85714,-7.28571,0.890295
-1.85714,-7,0.886904
-1.85714,-6.71429,0.883308
-1.85714,-6.42857,0.879492
-1.85714,-6.14286,0.875435
-1.85714,-5.85714,0.871116
-1.85714,-5.57143,0.866511
-1.85714,-5.28571,0.861596
-1.85714,-5,0.85634
-1.85714,-4.71429,0.850714
-1.85714,-4.42857,0.844682
-1.85714,-4.14286,0.838206
-1.85714,-3.85714,0.831247
-1.85714,-3.57143,0.823759
-1.85714,-3.28571,0.815694
-1.85714,-3,0.807001
-1.85714,-2.71429,0.797625
-1.85714,-2.42857,0.787509
-1.85714,-2.14286,0.776595
-1.85714,-1.85714,0.76484
-1.85714,-1.57143,0.752243
-1.85714,-1.28571,0.738919
-1.85714,-1,0.725266
-1.85714,-0.714286,0.712219
-1.85714,-0.428571,0.701472
-1.85714,-0.142857,0.695246
-1.85714,0.142857,0.695246
-1.85714,0.428571,0.701472
-1.85714,0.714286,0.712219
-1.85714,1,0.725266
-1.85714,1.28571,0.738919
-1.85714,1.57143,0.752243
-1.85714,1.85714,0.76484
-1.85714,2.14286,0.776595
-1.85714,2.42857,0.787509
-1.85714,2.71429,0.797625
-1.85714,3,0.807001
-1.85714,3.28571,0.815694
-1.85714,3.57143,0.823759
-1.85714,3.85714,0.831247
-1.85714,4.14286,0.838206
-1.85714,4.42857,0.844682
-1.85714,4.71429,0.850714
-1.85714,5,0.85634
-1.85714,5.28571,0.861596
-1.85714,5.57143,0.866511
-1.85714,5.85714,0.871116
-1.85714,6.14286,0.875435
-1.85714,6.42857,0.879492
-1.85714,6.71429,0.883308
-1.85714,7,0.886904
-1.85714,7.28571,0.890295
-1.85714,7.57143,0.893498
-1.85714,7.85714,0.896528
-1.85714,8.14286,0.899396
-1.85714,8.42857,0.902116
-1.85714,8.71429,0.904698
-1.85714,9,0.904698
-1.57143,-9,0.904212
-1.57143,-8.71429,0.904212
-1.57143,-8.42857,0.901588
-1.57143,-8.14286,0.89882
-1.57143,-7.85714,0.895899
-1.57143,-7.57143,0.89281
-1.57143,-7.28571,0.88954
-1.57143,-7,0.886073
-1.57143,-6.71429,0.882392
-1.57143,-6.42857,0.878478
-1.57143,-6.14286,0.87431
-1.57143,-5.85714,0.869864
-1.57143,-5.57143,0.865113
-1.57143,-5.28571,0.86003
-1.57143,-5,0.85458
-1.57143,-4.71429,0.848728
-1.57143,-4.42857,0.842433
-1.57143,-4.14286,0.835651
-1.57143,-3.85714,0.828332
-1.57143,-3.57143,0.820421
-1.57143,-3.28571,0.811856
-1.57143,-3,0.802569
-1.57143,-2.71429,0.792481
-1.57143,-2.42857,0.7815
-1.57143,-2.14286,0.769516
-1.57143,-1.85714,0.756393
-1.57143,-1.57143,0.741973
-1.57143,-1.28571,0.726127
-1.57143,-1,0.70894
-1.57143,-0.714286,0.691221
-1.57143,-0.428571,0.675327
-1.57143,-0.142857,0.665444
-1.57143,0.142857,0.665444
-1.57143,0.428571,0.675327
-1.57143,0.714286,0.691221
-1.57143,1,0.70894
-1.57143,1.28571,0.726127
-1.57143,1.57143,0.741973
-1.57143,1.85714,0.756393
-1.57143,2.14286,0.769516
-1.57143,2.42857,0.7815
-1.57143,2.71429,0.792481
-1.57143,3,0.802569
-1.57143,3.28571,0.811856
-1.57143,3.57143,0.820421
-1.57143,3.85714,0.828332
-1.57143,4.14286,0.835651
-1.57143,4.42857,0.842433
-1.57143,4.71429,0.848728
-1.57143,5,0.85458
-1.57143,5.28571,0.86003
-1.57143,5.57143,0.865113
-1.57143,5.85714,0.869864
-1.57143,6.14286,0.87431
-1.57143,6.42857,0.878478
-1.57143,6.71429,0.882392
-1.57143,7,0.886073
-1.57143,7.28571,0.88954
-1.57143,7.57143,0.89281
-1.57143,7.85714,0.895899
-1.57143,8.14286,0.89882
-1.57143,8.42857,0.901588
-1.57143,8.71429,0.904212
-1.57143,9,0.904212
-1.28571,-9,0.903801
-1.28571,-8.71429,0.903801
-1.28571,-8.42857,0.901141
-1.28571,-8.14286,0.898333
-1.28571,-7.85714,0.895366
-1.28571,-7.57143,0.892226
-1.28571,-7.28571,0.888898
-1.28571,-7,0.885366
-1.28571,-6.71429,0.881611
-1.28571,-6.42857,0.877613
-1.28571,-6.14286,0.873349
-1.28571,-5.85714,0.868793
-1.28571,-5.57143,0.863915
-1.28571,-5.28571,0.858685
-1.28571,-5,0.853065
-1.28571,-4.71429,0.847016
-1.28571,-4.42857,0.840491
-1.28571,-4.14286,0.833439
-1.28571,-3.85714,0.825804
-1.28571,-3.57143,0.817521
-1.28571,-3.28571,0.80852
-1.28571,-3,0.798718
-1.28571,-2.71429,0.788021
-1.28571,-2.42857,0.776318
-1.28571,-2.14286,0.763461
-1.28571,-1.85714,0.749242
-1.28571,-1.57143,0.733345
-1.28571,-1.28571,0.715283
-1.28571,-1,0.694448
-1.28571,-0.714286,0.67069
-1.28571,-0.428571,0.646349
-1.28571,-0.142857,0.629206
-1.28571,0.142857,0.629206
-1.28571,0.428571,0.646349
-1.28571,0.714286,0.67069
-1.28571,1,0.694448
-1.28571,1.28571,0.715283
-1.28571,1.57143,0.733345
-1.28571,1.85714,0.749242
-1.28571,2.14286,0.763461
-1.28571,2.42857,0.776318
-1.28571,2.71429,0.788021
-1.28571,3,0.798718
-1.28571,3.28571,0.80852
-1.28571,3.57143,0.817521
-1.28571,3.85714,0.825804
-1.28571,4.14286,0.833439
-1.28571,4.42857,0.840491
-1.28571,4.71429,0.847016
-1.28571,5,0.853065
-1.28571,5.28571,0.858685
-1.28571,5.57143,0.863915
-1.28571,5.85714,0.868793
-1.28571,6.14286,0.873349
-1.28571,6.42857,0.877613
-1.28571,6.71429,0.881611
-1.28571,7,0.885366
-1.28571,7.28571,0.888898
-1.28571,7.57143,0.892226
-1.28571,7.85714,0.895366
-1.28571,8.14286,0.898333
-1.28571,8.42857,0.901141
-1.28571,8.71429,0.903801
-1.28571,9,0.903801
-1,-9,0.903468
-1,-8.71429,0.903468
-1,-8.42857,0.900778
-1,-8.14286,0.897938
-1,-7.85714,0.894933
-1,-7.57143,0.891752
-1,-7.28571,0.888377
-1,-7,0.884791
-1,-6.71429,0.880976
-1,-6.42857,0.876908
-1,-6.14286,0.872565
-1,-5.85714,0.867917
-1,-5.57143,0.862934
-1,-5.28571,0.857582
-1,-5,0.851821
-1,-4.71429,0.845607
-1,-4.42857,0.83889
-1,-4.14286,0.831614
-1,-3.85714,0.823716
-1,-3.57143,0.815126
-1,-3.28571,0.805766
-1,-3,0.79555
-1,-2.71429,0.784381
-1,-2.42857,0.772148
-1,-2.14286,0.758711
-1,-1.85714,0.743867
-1,-1.57143,0.727254
-1,-1.28571,0.708139
-1,-1,0.685016
-1,-0.714286,0.655342
-1,-0.428571,0.617987
-1,-0.142857,0.584777
-1,0.142857,0.584777
-1,0.428571,0.617987
-1,0.714286,0.655342
-1,1,0.685016
-1,1.28571,0.708139
-1,1.57143,0.727254
-1,1.85714,0.743867
-1,2.14286,0.758711
-1,2.42857,0.772148
-1,2.71429,0.784381
-1,3,0.79555
-1,3.28571,0.805766
-1,3.57143,0.815126
-1,3.85714,0.823716
-1,4.14286,0.831614
-1,4.42857,0.83889
-1,4.71429,0.845607
-1,5,0.851821
-1,5.28571,0.857582
-1,5.57143,0.862934
-1,5.85714,0.867917
-1,6.14286,0.872565
-1,6.42857,0.876908
-1,6.71429,0.880976
-1,7,0.884791
-1,7.28571,0.888377
-1,7.57143,0.891752
-1,7.85714,0.894933
-1,8.14286,0.897938
-1,8.42857,0.900778
-1,8.71429,0.903468
-1,9,0.903468
-0.714286,-9,0.903217
-0.714286,-8.71429,0.903217
-0.714286,-8.42857,0.900504
-0.714286,-8.14286,0.897638
-0.714286,-7.85714,0.894606
-0.714286,-7.57143,0.891392
-0.714286,-7.28571,0.887981
-0.714286,-7,0.884355
-0.714286,-6.71429,0.880492
-0.714286,-6.42857,0.876372
-0.714286,-6.14286,0.871967
-0.714286,-5.85714,0.867249
-0.714286,-5.57143,0.862185
-0.714286,-5.28571,0.856739
-0.714286,-5,0.850869
-0.714286,-4.71429,0.844528
-0.714286,-4.42857,0.837662
-0.714286,-4.14286,0.830212
-0.714286,-3.85714,0.822112
-0.714286,-3.57143,0.813287
-0.714286,-3.28571,0.803658
-0.714286,-3,0.793139
-0.714286,-2.71429,0.781643
-0.714286,-2.42857,0.769085
-0.714286,-2.14286,0.755387
-0.714286,-1.85714,0.740465
-0.714286,-1.57143,0.724168
-0.714286,-1.28571,0.706038
-0.714286,-1,0.684493
-0.714286,-0.714286,0.654501
-0.714286,-0.428571,0.603916
-0.714286,-0.142857,0.532605
-0.714286,0.142857,0.532605
-0.714286,0.428571,0.603916
-0.714286,0.714286,0.654501
-0.714286,1,0.684493
-0.714286,1.28571,0.706038
-0.714286,1.57143,0.724168
-0.714286,1.85714,0.740465
-0.714286,2.14286,0.755387
-0.714286,2.42857,0.769085
-0.714286,2.71429,0.781643
-0.714286,3,0.793139
-0.714286,3.28571,0.803658
-0.714286,3.57143,0.813287
-0.714286,3.85714,0.822112
-0.714286,4.14286,0.830212
-0.714286,4.42857,0.837662
-0.714286,4.71429,0.844528
-0.714286,5,0.850869
-0.714286,5.28571,0.856739
-0.714286,5.57143,0.862185
-0.714286,5.85714,0.867249
-0.714286,6.14286,0.871967
-0.714286,6.42857,0.876372
-0.714286,6.71429,0.880492
-0.714286,7,0.884355
-0.714286,7.28571,0.887981
-0.714286,7.57143,0.891392
-0.714286,7.85714,0.894606
-0.714286,8.14286,0.897638
-0.714286,8.42857,0.900504
-0.714286,8.71429,0.903217
-0.714286,9,0.903217
-0.428571,-9,0.903048
-0.428571,-8.71429,0.903048
-0.428571,-8.42857,0.90032
-0.428571,-8.14286,0.897437
-0.428571,-7.85714,0.894385
-0.428571,-7.57143,0.89115
-0.428571,-7.28571,0.887715
-0.428571,-7,0.884061
-0.428571,-6.71429,0.880167
-0.428571,-6.42857,0.87601
-0.428571,-6.14286,0.871564
-0.428571,-5.85714,0.866798
-0.428571,-5.57143,0.861679
-0.428571,-5.28571,0.856169
-0.428571,-5,0.850225
-0.428571,-4.71429,0.843797
-0.428571,-4.42857,0.83683
-0.428571,-4.14286,0.829262
-0.428571,-3.85714,0.821025
-0.428571,-3.57143,0.812042
-0.428571,-3.28571,0.802234
-0.428571,-3,0.791522
-0.428571,-2.71429,0.779832
-0.428571,-2.42857,0.76712
-0.428571,-2.14286,0.753396
-0.428571,-1.85714,0.73878
-0.428571,-1.57143,0.723568
-0.428571,-1.28571,0.708279
-0.428571,-1,0.693306
-0.428571,-0.714286,0.67642
-0.428571,-0.428571,0.63902
-0.428571,-0.142857,0.499505
-0.428571,0.142857,0.499505
-0.428571,0.428571,0.63902
-0.428571,0.714286,0.67642
-0.428571,1,0.693306
-0.428571,1.28571,0.708279
-0.428571,1.57143,0.723568
-0.428571,1.85714,0.73878
-0.428571,2.14286,0.753396
-0.428571,2.42857,0.76712
-0.428571,2.71429,0.779832
-0.428571,3,0.791522
-0.428571,3.28571,0.802234
-0.428571,3.57143,0.812042
-0.428571,3.85714,0.821025
-0.428571,4.14286,0.829262
-0.428571,4.42857,0.83683
-0.428571,4.71429,0.843797
-0.428571,5,0.850225
-0.428571,5.28571,0.856169
-0.428571,5.57143,0.861679
-0.428571,5.85714,0.866798
-0.428571,6.14286,0.871564
-0.428571,6.42857,0.87601
-0.428571,6.71429,0.880167
-0.428571,7,0.884061
-0.428571,7.28571,0.887715
-0.428571,7.57143,0.89115
-0.428571,7.85714,0.894385
-0.428571,8.14286,0.897437
-0.428571,8.42857,0.90032
-0.428571,8.71429,0.903048
-0.428571,9,0.903048
-0.142857,-9,0.902963
-0.142857,-8.71429,0.902963
-0.142857,-8.42857,0.900228
-0.142857,-8.14286,0.897336
-0.142857,-7.85714,0.894275
-0.142857,-7.57143,0.891029
-0.142857,-7.28571,0.887581
-0.142857,-7,0.883913
-0.142857,-6.71429,0.880003
-0.142857,-6.42857,0.875828
-0.142857,-6.14286,0.871361
-0.142857,-5.85714,0.866571
-0.142857,-5.57143,0.861425
-0.142857,-5.28571,0.855882
-0.142857,-5,0.8499
-0.142857,-4.71429,0.843428
-0.142857,-4.42857,0.83641
-0.142857,-4.14286,0.828783
-0.142857,-3.85714,0.820476
-0.142857,-3.57143,0.811414
-0.142857,-3.28571,0.801519
-0.142857,-3,0.790712
-0.142857,-2.71429,0.778936
-0.142857,-2.42857,0.766173
-0.142857,-2.14286,0.752501
-0.142857,-1.85714,0.738201
-0.142857,-1.57143,0.723965
-0.142857,-1.28571,0.711315
-0.142857,-1,0.703363
-0.142857,-0.714286,0.705747
-0.142857,-0.428571,0.723256
-0.142857,-0.142857,0.665412
-0.142857,0.142857,0.665412
-0.142857,0.428571,0.723256
-0.142857,0.714286,0.705747
-0.142857,1,0.703363
-0.142857,1.28571,0.711315
-0.142857,1.57143,0.723965
-0.142857,1.85714,0.738201
-0.142857,2.14286,0.752501
-0.142857,2.42857,0.766173
-0.142857,2.71429,0.778936
-0.142857,3,0.790712
-0.142857,3.28571,0.801519
-0.142857,3.57143,0.811414
-0.142857,3.85714,0.820476
-0.142857,4.14286,0.828783
-0.142857,4.42857,0.83641
-0.142857,4.71429,0.843428
-0.142857,5,0.8499
-0.142857,5.28571,0.855882
-0.142857,5.57143,0.861425
-0.142857,5.85714,0.866571
-0.142857,6.14286,0.871361
-0.142857,6.42857,0.875828
-0.142857,6.71429,0.880003
-0.142857,7,0.883913
-0.142857,7.28571,0.887581
-0.142857,7.57143,0.891029
-0.142857,7.85714,0.894275
-0.142857,8.14286,0.897336
-0.142857,8.42857,0.900228
-0.142857,8.71429,0.902963
-0.142857,9,0.902963
0.142857,-9,0.902963
0.142857,-8.71429,0.902963
0.142857,-8.42857,0.900228
0.142857,-8.14286,0.897336
0.142857,-7.85714,0.894275
0.142857,-7.57143,0.891029
0.142857,-7.28571,0.887581
0.142857,-7,0.883913
0.142857,-6.71429,0.880003
0.142857,-6.42857,0.875828
0.142857,-6.14286,0.871361
0.142857,-5.85714,0.866571
0.142857,-5.57143,0.861425
0.142857,-5.28571,0.855882
0.142857,-5,0.8499
0.142857,-4.71429,0.843428
0.142857,-4.42857,0.83641
0.142857,-4.14286,0.828783
0.142857,-3.85714,0.820476
0.142857,-3.57143,0.811414
0.142857,-3.28571,0.801519
0.142857,-3,0.790712
0.142857,-2.71429,0.778936
0.142857,-2.42857,0.766173
0.142857,-2.14286,0.752501
0.142857,-1.85714,0.738201
0.142857,-1.57143,0.723965
0.142857,-1.28571,0.711315
0.142857,-1,0.703363
0.142857,-0.714286,0.705747
0.142857,-0.428571,0.723256
0.142857,-0.142857,0.665412
0.142857,0.142857,0.665412
0.142857,0.428571,0.723256
0.142857,0.714286,0.705747
0.142857,1,0.703363
0.142857,1.28571,0.711315
0.142857,1.57143,0.723965
0.142857,1.85714,0.738201
0.142857,2.14286,0.752501
0.142857,2.42857,0.766173
0.142857,2.71429,0.778936
0.142857,3,0.790712
0.142857,3.28571,0.801519
0.142857,3.57143,0.811414
0.142857,3.85714,0.820476
0.142857,4.14286,0.828783
0.142857,4.42857,0.83641
0.142857,4.71429,0.843428
0.142857,5,0.8499
0.142857,5.28571,0.855882
0.142857,5.57143,0.861425
0.142857,5.85714,0.866571
0.142857,6.14286,0.871361
0.142857,6.42857,0.875828
0.142857,6.71429,0.880003
0.142857,7,0.883913
0.142857,7.28571,0.887581
0.142857,7.57143,0.891029
0.142857,7.85714,0.894275
0.142857,8.14286,0.897336
0.142857,8.42857,0.900228
0.142857,8.71429,0.902963
0.142857,9,0.902963
0.428571,-9,0.903048
0.428571,-8.71429,0.903048
0.428571,-8.42857,0.90032
0.428571,-8.14286,0.897437
0.428571,-7.85714,0.894385
0.428571,-7.57143,0.89115
0.428571,-7.28571,0.887715
0.428571,-7,0.884061
0.428571,-6.71429,0.880167
0.428571,-6.42857,0.87601
0.428571,-6.14286,0.871564
0.428571,-5.85714,0.866798
0.428571,-5.57143,0.861679
0.428571,-5.28571,0.856169
0.428571,-5,0.850225
0.428571,-4.71429,0.843797
0.428571,-4.42857,0.83683
0.428571,-4.14286,0.829262
0.428571,-3.85714,0.821025
0.428571,-3.57143,0.812042
0.428571,-3.28571,0.802234
0.428571,-3,0.791522
0.428571,-2.71429,0.779832
0.428571,-2.42857,0.76712
0.428571,-2.14286,0.753396
0.428571,-1.85714,0.73878
0.428571,-1.57143,0.723568
0.428571,-1.28571,0.708279
0.428571,-1,0.693306
0.428571,-0.714286,0.67642
0.428571,-0.428571,0.63902
0.428571,-0.142857,0.499505
0.428571,0.142857,0.499505
0.428571,0.428571,0.63902
0.428571,0.714286,0.67642
0.428571,1,0.693306
0.428571,1.28571,0.708279
0.428571,1.57143,0.723568
0.428571,1.85714,0.73878
0.428571,2.14286,0.753396
0.428571,2.42857,0.76712
0.428571,2.71429,0.779832
0.428571,3,0.791522
0.428571,3.28571,0.802234
0.428571,3.57143,0.812042
0.428571,3.85714,0.821025
0.428571,4.14286,0.829262
0.428571,4.42857,0.83683
0.428571,4.71429,0.843797
0.428571,5,0.850225
0.428571,5.28571,0.856169
0.428571,5.57143,0.861679
0.428571,5.85714,0.866798
0.428571,6.14286,0.871564
0.428571,6.42857,0.87601
0.428571,6.71429,0.880167
0.428571,7,0.884061
0.428571,7.28571,0.887715
0.428571,7.57143,0.89115
0.428571,7.85714,0.894385
0.428571,8.14286,0.897437
0.428571,8.42857,0.90032
0.428571,8.71429,0.903048
0.428571,9,0.903048
0.714286,-9,0.903217
0.714286,-8.71429,0.903217
0.714286,-8.42857,0.900504
0.714286,-8.14286,0.897638
0.714286,-7.85714,0.894606
0.714286,-7.57143,0.891392
0.714286,-7.28571,0.887981
0.714286,-7,0.884355
0.714286,-6.71429,0.880492
0.714286,-6.42857,0.876372
0.714286,-6.14286,0.871967
0.714286,-5.85714,0.867249
0.714286,-5.57143,0.862185
0.714286,-5.28571,0.856739
0.714286,-5,0.850869
0.714286,-4.71429,0.844528
0.714286,-4.42857,0.837662
0.714286,-4.14286,0.830212
0.714286,-3.85714,0.822112
0.714286,-3.57143,0.813287
0.714286,-3.28571,0.803658
0.714286,-3,0.793139
0.714286,-2.71429,0.781643
0.714286,-2.42857,0.769085
0.714286,-2.14286,0.755387
0.714286,-1.85714,0.740465
0.714286,-1.57143,0.724168
0.714286,-1.28571,0.706038
0.714286,-1,0.684493
0.714286,-0.714286,0.654501
0.714286,-0.428571,0.603916
0.714286,-0.142857,0.532605
0.714286,0.142857,0.532605
0.714286,0.428571,0.603916
0.714286,0.714286,0.654501
0.714286,1,0.684493
0.714286,1.28571,0.706038
0.714286,1.57143,0.724168
0.714286,1.85714,0.740465
0.714286,2.14286,0.755387
0.714286,2.42857,0.769085
0.714286,2.71429,0.781643
0.714286,3,0.793139
0.714286,3.28571,0.803658
0.714286,3.57143,0.813287
0.714286,3.85714,0.822112
0.714286,4.14286,0.830212
0.714286,4.42857,0.837662
0.714286,4.71429,0.844528
0.714286,5,0.850869
0.714286,5.28571,0.856739
0.714286,5.57143,0.862185
0.714286,5.85714,0.867249
0.714286,6.14286,0.871967
0.714286,6.42857,0.876372
0.714286,6.71429,0.880492
0.714286,7,0.884355
0.714286,7.28571,0.887981
0.714286,7.57143,0.891392
0.714286,7.85714,0.894606
0.714286,8.14286,0.897638
0.714286,8.42857,0.900504
0.714286,8.71429,0.903217
0.714286,9,0.903217
1,-9,0.903468
1,-8.71429,0.903468
1,-8.42857,0.900778
1,-8.14286,0.897938
1,-7.85714,0.894933
1,-7.57143,0.891752
1,-7.28571,0.888377
1,-7,0.884791
1,-6.71429,0.880976
1,-6.42857,0.876908
1,-6.14286,0.872565
1,-5.85714,0.867917
1,-5.57143,0.862934
1,-5.28571,0.857582
1,-5,0.851821
1,-4.71429,0.845607
1,-4.42857,0.83889
1,-4.14286,0.831614
1,-3.85714,0.823716
1,-3.57143,0.815126
1,-3.28571,0.805766
1,-3,0.79555
1,-2.71429,0.784381
1,-2.42857,0.772148
1,-2.14286,0.758711
1,-1.85714,0.743867
1,-1.57143,0.727254
1,-1.28571,0.708139
1,-1,0.685016
1,-0.714286,0.655342
1,-0.428571,0.617987
1,-0.142857,0.584777
1,0.142857,0.584777
1,0.428571,0.617987
1,0.714286,0.655342
1,1,0.685016
1,1.28571,0.708139
1,1.57143,0.727254
1,1.85714,0.743867
1,2.14286,0.758711
1,2.42857,0.772148
1,2.71429,0.784381
1,3,0.79555
1,3.28571,0.805766
1,3.57143,0.815126
1,3.85714,0.823716
1,4.14286,0.831614
1,4.42857,0.83889
1,4.71429,0.845607
1,5,0.851821
1,5.28571,0.857582
1,5.57143,0.862934
1,5.85714,0.867917
1,6.14286,0.872565
1,6.42857,0.876908
1,6.71429,0.880976
1,7,0.884791
1,7.28571,0.888377
1,7.57143,0.891752
1,7.85714,0.894933
1,8.14286,0.897938
1,8.42857,0.900778
1,8.71429,0.903468
1,9,0.903468
1.28571,-9,0.903801
1.28571,-8.71429,0.903801
1.28571,-8.42857,0.901141
1.28571,-8.14286,0.898333
1.28571,-7.85714,0.895366
1.28571,-7.57143,0.892226
1.28571,-7.28571,0.888898
1.28571,-7,0.885366
1.28571,-6.71429,0.881611
1.28571,-6.42857,0.877613
1.28571,-6.14286,0.873349
1.28571,-5.85714,0.868793
1.28571,-5.57143,0.863915
1.28571,-5.28571,0.858685
1.28571,-5,0.853065
1.28571,-4.71429,0.847016
1.28571,-4.42857,0.840491
1.28571,-4.14286,0.833439
1.28571,-3.85714,0.825804
1.28571,-3.57143,0.817521
1.28571,-3.28571,0.80852
1.28571,-3,0.798718
1.28571,-2.71429,0.788021
1.28571,-2.42857,0.776318
1.28571,-2.14286,0.763461
1.28571,-1.85714,0.749242
1.28571,-1.57143,0.733345
1.28571,-1.28571,0.715283
1.28571,-1,0.694448
1.28571,-0.714286,0.67069
1.28571,-0.428571,0.646349
1.28571,-0.142857,0.629206
1.28571,0.142857,0.629206
1.28571,0.428571,0.646349
1.28571,0.714286,0.67069
1.28571,1,0.694448
1.28571,1.28571,0.715283
1.28571,1.57143,0.733345
1.28571,1.85714,0.749242
1.28571,2.14286,0.763461
1.28571,2.42857,0.776318
1.28571,2.71429,0.788021
1.28571,3,0.798718
1.28571,3.28571,0.80852
1.28571,3.57143,0.817521
1.28571,3.85714,0.825804
1.28571,4.14286,0.833439
1.28571,4.42857,0.840491
1.28571,4.71429,0.847016
1.28571,5,0.853065
1.28571,5.28571,0.858685
1.28571,5.57143,0.863915
1.28571,5.85714,0.868793
1.28571,6.14286,0.873349
1.28571,6.42857,0.877613
1.28571,6.71429,0.881611
1.28571,7,0.885366
1.28571,7.28571,0.888898
1.28571,7.57143,0.892226
1.28571,7.85714,0.895366
1.28571,8.14286,0.898333
1.28571,8.42857,0.901141
1.28571,8.71429,0.903801
1.28571,9,0.903801
1.57143,-9,0.904212
1.57143,-8.71429,0.904212
1.57143,-8.42857,0.901588
1.57143,-8.14286,0.89882
1.57143,-7.85714,0.895899
1.57143,-7.57143,0.89281
1.57143,-7.28571,0.88954
1.57143,-7,0.886073
1.57143,-6.71429,0.882392
1.57143,-6.42857,0.878478
1.57143,-6.14286,0.87431
1.57143,-5.85714,0.869864
1.57143,-5.57143,0.865113
1.57143,-5.28571,0.86003
1.57143,-5,0.85458
1.57143,-4.71429,0.848728
1.57143,-4.42857,0.842433
1.57143,-4.14286,0.835651
1.57143,-3.85714,0.828332
1.57143,-3.57143,0.820421
1.57143,-3.28571,0.811856
1.57143,-3,0.802569
1.57143,-2.71429,0.792481
1.57143,-2.42857,0.7815
1.57143,-2.14286,0.769516
1.57143,-1.85714,0.756393
1.57143,-1.57143,0.741973
1.57143,-1.28571,0.726127
1.57143,-1,0.70894
1.57143,-0.714286,0.691221
1.57143,-0.428571,0.675327
1.57143,-0.142857,0.665444
1.57143,0.142857,0.665444
1.57143,0.428571,0.675327
1.57143,0.714286,0.691221
1.57143,1,0.70894
1.57143,1.28571,0.726127
1.57143,1.57143,0.741973
1.57143,1.85714,0.756393
1.57143,2.14286,0.769516
1.57143,2.42857,0.7815
1.57143,2.71429,0.792481
1.57143,3,0.802569
1.57143,3.28571,0.811856
1.57143,3.57143,0.820421
1.57143,3.85714,0.828332
1.57143,4.14286,0.835651
1.57143,4.42857,0.842433
1.57143,4.71429,0.848728
1.57143,5,0.85458
1.57143,5.28571,0.86003
1.57143,5.57143,0.865113
1.57143,5.85714,0.869864
1.57143,6.14286,0.87431
1.57143,6.42857,0.878478
1.57143,6.71429,0.882392
1.57143,7,0.886073
1.57143,7.28571,0.88954
1.57143,7.57143,0.89281
1.57143,7.85714,0.895899
1.57143,8.14286,0.89882
1.57143,8.42857,0.901588
1.57143,8.71429,0.904212
1.57143,9,0.904212
1.85714,-9,0.904698
1.85714,-8.71429,0.904698
1.85714,-8.42857,0.902116
1.85714,-8.14286,0.899396
1.85714,-7.85714,0.896528
1.85714,-7.57143,0.893498
1.85714,-7.28571,0.890295
1.85714,-7,0.886904
1.85714,-6.71429,0.883308
1.85714,-6.42857,0.879492
1.85714,-6.14286,0.875435
1.85714,-5.85714,0.871116
1.85714,-5.57143,0.866511
1.85714,-5.28571,0.861596
1.85714,-5,0.85634
1.85714,-4.71429,0.850714
1.85714,-4.42857,0.844682
1.85714,-4.14286,0.838206
1.85714,-3.85714,0.831247
1.85714,-3.57143,0.823759
1.85714,-3.28571,0.815694
1.85714,-3,0.807001
1.85714,-2.71429,0.797625
1.85714,-2.42857,0.787509
1.85714,-2.14286,0.776595
1.85714,-1.85714,0.76484
1.85714,-1.57143,0.752243
1.85714,-1.28571,0.738919
1.85714,-1,0.725266
1.85714,-0.714286,0.712219
1.85714,-0.428571,0.701472
1.85714,-0.142857,0.695246
1.85714,0.142857,0.695246
1.85714,0.428571,0.701472
1.85714,0.714286,0.712219
1.85714,1,0.725266
1.85714,1.28571,0.738919
1.85714,1.57143,0.752243
1.85714,1.85714,0.76484
1.85714,2.14286,0.776595
1.85714,2.42857,0.787509
1.85714,2.71429,0.797625
1.85714,3,0.807001
1.85714,3.28571,0.815694
1.85714,3.57143,0.823759
1.85714,3.85714,0.831247
1.85714,4.14286,0.838206
1.85714,4.42857,0.844682
1.85714,4.71429,0.850714
1.85714,5,0.85634
1.85714,5.28571,0.861596
1.85714,5.57143,0.866511
1.85714,5.85714,0.871116
1.85714,6.14286,0.875435
1.85714,6.42857,0.879492
1.85714,6.71429,0.883308
1.85714,7,0.886904
1.85714,7.28571,0.890295
1.85714,7.57143,0.893498
1.85714,7.85714,0.896528
1.85714,8.14286,0.899396
1.85714,8.42857,0.902116
1.85714,8.71429,0.904698
1.85714,9,0.904698
2.14286,-9,0.905256
2.14286,-8.71429,0.905256
2.14286,-8.42857,0.902722
2.14286,-8.14286,0.900056
2.14286,-7.85714,0.897247
2.14286,-7.57143,0.894284
2.14286,-7.28571,0.891157
2.14286,-7,0.88785
2.14286,-6.71429,0.884351
2.14286,-6.42857,0.880644
2.14286,-6.14286,0.876711
2.14286,-5.85714,0.872533
2.14286,-5.57143,0.86809
2.14286,-5.28571,0.86336
2.14286,-5,0.858319
2.14286,-4.71429,0.85294
2.14286,-4.42857,0.847196
2.14286,-4.14286,0.841055
2.14286,-3.85714,0.834487
2.14286,-3.57143,0.827459
2.14286,-3.28571,0.819938
2.14286,-3,0.811891
2.14286,-2.71429,0.803288
2.14286,-2.42857,0.79411
2.14286,-2.14286,0.784352
2.14286,-1.85714,0.774044
2.14286,-1.57143,0.763287
2.14286,-1.28571,0.752314
2.14286,-1,0.741585
2.14286,-0.714286,0.731883
2.14286,-0.428571,0.724323
2.14286,-0.142857,0.720127
2.14286,0.142857,0.720127
2.14286,0.428571,0.724323
2.14286,0.714286,0.731883
2.14286,1,0.741585
2.14286,1.28571,0.752314
2.14286,1.57143,0.763287
2.14286,1.85714,0.774044
2.14286,2.14286,0.784352
2.14286,2.42857,0.79411
2.14286,2.71429,0.803288
2.14286,3,0.811891
2.14286,3.28571,0.819938
2.14286,3.57143,0.827459
2.14286,3.85714,0.834487
2.14286,4.14286,0.841055
2.14286,4.42857,0.847196
2.14286,4.71429,0.85294
2.14286,5,0.858319
2.14286,5.28571,0.86336
2.14286,5.57143,0.86809
2.14286,5.85714,0.872533
2.14286,6.14286,0.876711
2.14286,6.42857,0.880644
2.14286,6.71429,0.884351
2.14286,7,0.88785
2.14286,7.28571,0.891157
2.14286,7.57143,0.894284
2.14286,7.85714,0.897247
2.14286,8.14286,0.900056
2.14286,8.42857,0.902722
2.14286,8.71429,0.905256
2.14286,9,0.905256
2.42857,-9,0.905882
2.42857,-8.71429,0.905882
2.42857,-8.42857,0.903401
2.42857,-8.14286,0.900794
2.42857,-7.85714,0.898051
2.42857,-7.57143,0.895162
2.42857,-7.28571,0.892117
2.42857,-7,0.888904
2.42857,-6.71429,0.88551
2.42857,-6.42857,0.881921
2.42857,-6.14286,0.878122
2.42857,-5.85714,0.874097
2.42857,-5.57143,0.869829
2.42857,-5.28571,0.865299
2.42857,-5,0.860487
2.42857,-4.71429,0.855372
2.42857,-4.42857,0.849932
2.42857,-4.14286,0.844145
2.42857,-3.85714,0.837989
2.42857,-3.57143,0.831443
2.42857,-3.28571,0.824487
2.42857,-3,0.817107
2.42857,-2.71429,0.809298
2.42857,-2.42857,0.80107
2.42857,-2.14286,0.792457
2.42857,-1.85714,0.783538
2.42857,-1.57143,0.774463
2.42857,-1.28571,0.765491
2.42857,-1,0.757038
2.42857,-0.714286,0.749694
2.42857,-0.428571,0.744182
2.42857,-0.142857,0.741204
2.42857,0.142857,0.741204
2.42857,0.428571,0.744182
2.42857,0.714286,0.749694
2.42857,1,0.757038
2.42857,1.28571,0.765491
2.42857,1.57143,0.774463
2.42857,1.85714,0.783538
2.42857,2.14286,0.792457
2.42857,2.42857,0.80107
2.42857,2.71429,0.809298
2.42857,3,0.817107
2.42857,3.28571,0.824487
2.42857,3.57143,0.831443
2.42857,3.85714,0.837989
2.42857,4.14286,0.844145
2.42857,4.42857,0.849932
2.42857,4.71429,0.855372
2.42857,5,0.860487
2.42857,5.28571,0.865299
2.42857,5.57143,0.869829
2.42857,5.85714,0.874097
2.42857,6.14286,0.878122
2.42857,6.42857,0.881921
2.42857,6.71429,0.88551
2.42857,7,0.888904
2.42857,7.28571,0.892117
2.42857,7.57143,0.895162
2.42857,7.85714,0.898051
2.42857,8.14286,0.900794
2.42857,8.42857,0.903401
2.42857,8.71429,0.905882
2.42857,9,0.905882
2.71429,-9,0.906571
2.71429,-8.71429,0.906571
2.71429,-8.42857,0.904147
2.71429,-8.14286,0.901604
2.71429,-7.85714,0.898932
2.71429,-7.57143,0.896123
2.71429,-7.28571,0.893167
2.71429,-7,0.890054
2.71429,-6.71429,0.886772
2.71429,-6.42857,0.883309
2.71429,-6.14286,0.879653
2.71429,-5.85714,0.87579
2.71429,-5.57143,0.871706
2.71429,-5.28571,0.867385
2.71429,-5,0.862812
2.71429,-4.71429,0.857972
2.71429,-4.42857,0.852848
2.71429,-4.14286,0.847424
2.71429,-3.85714,0.841689
2.71429,-3.57143,0.83563
2.71429,-3.28571,0.829242
2.71429,-3,0.822525
2.71429,-2.71429,0.815494
2.71429,-2.42857,0.80818
2.71429,-2.14286,0.800642
2.71429,-1.85714,0.792981
2.71429,-1.57143,0.78536
2.71429,-1.28571,0.778021
2.71429,-1,0.771303
2.71429,-0.714286,0.765635
2.71429,-0.428571,0.76149
2.71429,-0.142857,0.759291
2.71429,0.142857,0.759291
2.71429,0.428571,0.76149
2.71429,0.714286,0.765635
2.71429,1,0.771303
2.71429,1.28571,0.778021
2.71429,1.57143,0.78536
2.71429,1.85714,0.792981
2.71429,2.14286,0.800642
2.71429,2.42857,0.80818
2.71429,2.71429,0.815494
2.71429,3,0.822525
2.71429,3.28571,0.829242
2.71429,3.57143,0.83563
2.71429,3.85714,0.841689
2.71429,4.14286,0.847424
2.71429,4.42857,0.852848
2.71429,4.71429,0.857972
2.71429,5,0.862812
2.71429,5.28571,0.867385
2.71429,5.57143,0.871706
2.71429,5.85714,0.87579
2.71429,6.14286,0.879653
2.71429,6.42857,0.883309
2.71429,6.71429,0.886772
2.71429,7,0.890054
2.71429,7.28571,0.893167
2.71429,7.57143,0.896123
2.71429,7.85714,0.898932
2.71429,8.14286,0.901604
2.71429,8.42857,0.904147
2.71429,8.71429,0.906571
2.71429,9,0.906571
3,-9,0.907318
3,-8.71429,0.907318
3,-8.42857,0.904957
3,-8.14286,0.902482
3,-7.85714,0.899886
3,-7.57143,0.897161
3,-7.28571,0.894299
3,-7,0.89129
3,-6.71429,0.888126
3,-6.42857,0.884796
3,-6.14286,0.881288
3,-5.85714,0.877594
3,-5.57143,0.873699
3,-5.28571,0.869594
3,-5,0.865267
3,-4.71429,0.860705
3,-4.42857,0.8559
3,-4.14286,0.850842
3,-3.85714,0.845525
3,-3.57143,0.839948
3,-3.28571,0.834114
3,-3,0.828037
3,-2.71429,0.821743
3,-2.42857,0.815277
3,-2.14286,0.80871
3,-1.85714,0.80215
3,-1.57143,0.795749
3,-1.28571,0.789717
3,-1,0.784318
3,-0.714286,0.779862
3,-0.428571,0.776662
3,-0.142857,0.774985
3,0.142857,0.774985
3,0.428571,0.776662
3,0.714286,0.779862
3,1,0.784318
3,1.28571,0.789717
3,1.57143,0.795749
3,1.85714,0.80215
3,2.14286,0.80871
3,2.42857,0.815277
3,2.71429,0.821743
3,3,0.828037
3,3.28571,0.834114
3,3.57143,0.839948
3,3.85714,0.845525
3,4.14286,0.850842
3,4.42857,0.8559
3,4.71429,0.860705
3,5,0.865267
3,5.28571,0.869594
3,5.57143,0.873699
3,5.85714,0.877594
3,6.14286,0.881288
3,6.42857,0.884796
3,6.71429,0.888126
3,7,0.89129
3,7.28571,0.894299
3,7.57143,0.897161
3,7.85714,0.899886
3,8.14286,0.902482
3,8.42857,0.904957
3,8.71429,0.907318
3,9,0.907318
3.28571,-9,0.90812
3.28571,-8.71429,0.90812
3.28571,-8.42857,0.905823
3.28571,-8.14286,0.90342
3.28571,-7.85714,0.900903
3.28571,-7.57143,0.898266
3.28571,-7.28571,0.895502
3.28571,-7,0.892603
3.28571,-6.71429,0.88956
3.28571,-6.42857,0.886366
3.28571,-6.14286,0.883012
3.28571,-5.85714,0.879489
3.28571,-5.57143,0.875788
3.28571,-5.28571,0.871901
3.28571,-5,0.86782
3.28571,-4.71429,0.863538
3.28571,-4.42857,0.859049
3.28571,-4.14286,0.854351
3.28571,-3.85714,0.849443
3.28571,-3.57143,0.84433
3.28571,-3.28571,0.839025
3.28571,-3,0.833549
3.28571,-2.71429,0.827936
3.28571,-2.42857,0.822238
3.28571,-2.14286,0.816529
3.28571,-1.85714,0.81091
3.28571,-1.57143,0.805519
3.28571,-1.28571,0.800527
3.28571,-1,0.796137
3.28571,-0.714286,0.792573
3.28571,-0.428571,0.790048
3.28571,-0.142857,0.788737
3.28571,0.142857,0.788737
3.28571,0.428571,0.790048
3.28571,0.714286,0.792573
3.28571,1,0.796137
3.28571,1.28571,0.800527
3.28571,1.57143,0.805519
3.28571,1.85714,0.81091
3.28571,2.14286,0.816529
3.28571,2.42857,0.822238
3.28571,2.71429,0.827936
3.28571,3,0.833549
3.28571,3.28571,0.839025
3.28571,3.57143,0.84433
3.28571,3.85714,0.849443
3.28571,4.14286,0.854351
3.28571,4.42857,0.859049
3.28571,4.71429,0.863538
3.28571,5,0.86782
3.28571,5.28571,0.871901
3.28571,5.57143,0.875788
3.28571,5.85714,0.879489
3.28571,6.14286,0.883012
3.28571,6.42857,0.886366
3.28571,6.71429,0.88956
3.28571,7,0.892603
3.28571,7.28571,0.895502
3.28571,7.57143,0.898266
3.28571,7.85714,0.900903
3.28571,8.14286,0.90342
3.28571,8.42857,0.905823
3.28571,8.71429,0.90812
3.28571,9,0.90812
3.57143,-9,0.908971
3.57143,-8.71429,0.908971
3.57143,-8.42857,0.906741
3.57143,-8.14286,0.904412
3.57143,-7.85714,0.901978
3.57143,-7.57143,0.899432
3.57143,-7.28571,0.896768
3.57143,-7,0.893981
3.57143,-6.71429,0.891063
3.57143,-6.42857,0.888008
3.57143,-6.14286,0.884808
3.57143,-5.85714,0.881459
3.57143,-5.57143,0.877952
3.57143,-5.28571,0.874283
3.57143,-5,0.870446
3.57143,-4.71429,0.866439
3.57143,-4.42857,0.862259
3.57143,-4.14286,0.857909
3.57143,-3.85714,0.853393
3.57143,-3.57143,0.848722
3.57143,-3.28571,0.843913
3.57143,-3,0.838992
3.57143,-2.71429,0.833997
3.57143,-2.42857,0.828982
3.57143,-2.14286,0.824017
3.57143,-1.85714,0.819195
3.57143,-1.57143,0.814633
3.57143,-1.28571,0.810469
3.57143,-1,0.806859
3.57143,-0.714286,0.803964
3.57143,-0.428571,0.801935
3.57143,-0.142857,0.800888
3.57143,0.142857,0.800888
3.57143,0.428571,0.801935
3.57143,0.714286,0.803964
3.57143,1,0.806859
3.57143,1.28571,0.810469
3.57143,1.57143,0.814633
3.57143,1.85714,0.819195
3.57143,2.14286,0.824017
3.57143,2.42857,0.828982
3.57143,2.71429,0.833997
3.57143,3,0.838992
3.57143,3.28571,0.843913
3.57143,3.57143,0.848722
3.57143,3.85714,0.853393
3.57143,4.14286,0.857909
3.57143,4.42857,0.862259
3.57143,4.71429,0.866439
3.57143,5,0.870446
3.57143,5.28571,0.874283
3.57143,5.57143,0.877952
3.57143,5.85714,0.881459
3.57143,6.14286,0.884808
3.57143,6.42857,0.888008
3.57143,6.71429,0.891063
3.57143,7,0.893981
3.57143,7.28571,0.896768
3.57143,7.57143,0.899432
3.57143,7.85714,0.901978
3.57143,8.14286,0.904412
3.57143,8.42857,0.906741
3.57143,8.71429,0.908971
3.57143,9,0.908971
3.85714,-9,0.909866
3.85714,-8.71429,0.909866
3.85714,-8.42857,0.907706
3.85714,-8.14286,0.905453
3.85714,-7.85714,0.903103
3.85714,-7.57143,0.90065
3.85714,-7.28571,0.898089
3.85714,-7,0.895415
3.85714,-6.71429,0.892623
3.85714,-6.42857,0.889707
3.85714,-6.14286,0.886663
3.85714,-5.85714,0.883486
3.85714,-5.57143,0.880171
3.85714,-5.28571,0.876716
3.85714,-5,0.873119
3.85714,-4.71429,0.869379
3.85714,-4.42857,0.865498
3.85714,-4.14286,0.861481
3.85714,-3.85714,0.857336
3.85714,-3.57143,0.853078
3.85714,-3.28571,0.848727
3.85714,-3,0.844311
3.85714,-2.71429,0.83987
3.85714,-2.42857,0.835455
3.85714,-2.14286,0.831132
3.85714,-1.85714,0.82698
3.85714,-1.57143,0.823099
3.85714,-1.28571,0.819598
3.85714,-1,0.816596
3.85714,-0.714286,0.814213
3.85714,-0.428571,0.812556
3.85714,-0.142857,0.811705
3.85714,0.142857,0.811705
3.85714,0.428571,0.812556
3.85714,0.714286,0.814213
3.85714,1,0.816596
3.85714,1.28571,0.819598
3.85714,1.57143,0.823099
3.85714,1.85714,0.82698
3.85714,2.14286,0.831132
3.85714,2.42857,0.835455
3.85714,2.71429,0.83987
3.85714,3,0.844311
3.85714,3.28571,0.848727
3.85714,3.57143,0.853078
3.85714,3.85714,0.857336
3.85714,4.14286,0.861481
3.85714,4.42857,0.865498
3.85714,4.71429,0.869379
3.85714,5,0.873119
3.85714,5.28571,0.876716
3.85714,5.57143,0.880171
3.85714,5.85714,0.883486
3.85714,6.14286,0.886663
3.85714,6.42857,0.889707
3.85714,6.71429,0.892623
3.85714,7,0.895415
3.85714,7.28571,0.898089
3.85714,7.57143,0.90065
3.85714,7.85714,0.903103
3.85714,8.14286,0.905453
3.85714,8.42857,0.907706
3.85714,8.71429,0.909866
3.85714,9,0.909866
4.14286,-9,0.9108
4.14286,-8.71429,0.9108
4.14286,-8.42857,0.908711
4.14286,-8.14286,0.906536
4.14286,-7.85714,0.904271
4.14286,-7.57143,0.901912
4.14286,-7.28571,0.899454
4.14286,-7,0.896894
4.14286,-6.71429,0.894228
4.14286,-6.42857,0.891451
4.14286,-6.14286,0.888561
4.14286,-5.85714,0.885554
4.14286,-5.57143,0.882429
4.14286,-5.28571,0.879183
4.14286,-5,0.875818
4.14286,-4.71429,0.872335
4.14286,-4.42857,0.868738
4.14286,-4.14286,0.865036
4.14286,-3.85714,0.861239
4.14286,-3.57143,0.857363
4.14286,-3.28571,0.85343
4.14286,-3,0.84947
4.14286,-2.71429,0.845521
4.14286,-2.42857,0.84163
4.14286,-2.14286,0.837855
4.14286,-1.85714,0.834267
4.14286,-1.57143,0.830945
4.14286,-1.28571,0.827978
4.14286,-1,0.825458
4.14286,-0.714286,0.823472
4.14286,-0.428571,0.8221
4.14286,-0.142857,0.821398
4.14286,0.142857,0.821398
4.14286,0.428571,0.8221
4.14286,0.714286,0.823472
4.14286,1,0.825458
4.14286,1.28571,0.827978
4.14286,1.57143,0.830945
4.14286,1.85714,0.834267
4.14286,2.14286,0.837855
4.14286,2.42857,0.84163
4.14286,2.71429,0.845521
4.14286,3,0.84947
4.14286,3.28571,0.85343
4.14286,3.57143,0.857363
4.14286,3.85714,0.861239
4.14286,4.14286,0.865036
4.14286,4.42857,0.868738
4.14286,4.71429,0.872335
4.14286,5,0.875818
4.14286,5.28571,0.879183
4.14286,5.57143,0.882429
4.14286,5.85714,0.885554
4.14286,6.14286,0.888561
4.14286,6.42857,0.891451
4.14286,6.71429,0.894228
4.14286,7,0.896894
4.14286,7.28571,0.899454
4.14286,7.57143,0.901912
4.14286,7.85714,0.904271
4.14286,8.14286,0.906536
4.14286,8.42857,0.908711
4.14286,8.71429,0.9108
4.14286,9,0.9108
4.42857,-9,0.911769
4.42857,-8.71429,0.911769
4.42857,-8.42857,0.909752
4.42857,-8.14286,0.907655
4.42857,-7.85714,0.905476
4.42857,-7.57143,0.903211
4.42857,-7.28571,0.900857
4.42857,-7,0.898411
4.42857,-6.71429,0.895869
4.42857,-6.42857,0.89323
4.42857,-6.14286,0.890491
4.42857,-5.85714,0.887651
4.42857,-5.57143,0.884708
4.42857,-5.28571,0.881665
4.42857,-5,0.878522
4.42857,-4.71429,0.875284
4.42857,-4.42857,0.871956
4.42857,-4.14286,0.868549
4.42857,-3.85714,0.865074
4.42857,-3.57143,0.861549
4.42857,-3.28571,0.857996
4.42857,-3,0.854444
4.42857,-2.71429,0.850928
4.42857,-2.42857,0.847492
4.42857,-2.14286,0.844187
4.42857,-1.85714,0.841072
4.42857,-1.57143,0.838212
4.42857,-1.28571,0.835679
4.42857,-1,0.833543
4.42857,-0.714286,0.831871
4.42857,-0.428571,0.830721
4.42857,-0.142857,0.830134
4.42857,0.142857,0.830134
4.42857,0.428571,0.830721
4.42857,0.714286,0.831871
4.42857,1,0.833543
4.42857,1.28571,0.835679
4.42857,1.57143,0.838212
4.42857,1.85714,0.841072
4.42857,2.14286,0.844187
4.42857,2.42857,0.847492
4.42857,2.71429,0.850928
4.42857,3,0.854444
4.42857,3.28571,0.857996
4.42857,3.57143,0.861549
4.42857,3.85714,0.865074
4.42857,4.14286,0.868549
4.42857,4.42857,0.871956
4.42857,4.71429,0.875284
4.42857,5,0.878522
4.42857,5.28571,0.881665
4.42857,5.57143,0.884708
4.42857,5.85714,0.887651
4.42857,6.14286,0.890491
4.42857,6.42857,0.89323
4.42857,6.71429,0.895869
4.42857,7,0.898411
4.42857,7.28571,0.900857
4.42857,7.57143,0.903211
4.42857,7.85714,0.905476
4.42857,8.14286,0.907655
4.42857,8.42857,0.909752
4.42857,8.71429,0.911769
4.42857,9,0.911769
4.71429,-9,0.912768
4.71429,-8.71429,0.912768
4.71429,-8.42857,0.910823
4.71429,-8.14286,0.908805
4.71429,-7.85714,0.906712
4.71429,-7.57143,0.904541
4.71429,-7.28571,0.902289
4.71429,-7,0.899955
4.71429,-6.71429,0.897536
4.71429,-6.42857,0.895032
4.71429,-6.14286,0.89244
4.71429,-5.85714,0.889761
4.71429,-5.57143,0.886996
4.71429,-5.28571,0.884146
4.71429,-5,0.881215
4.71429,-4.71429,0.878209
4.71429,-4.42857,0.875133
4.71429,-4.14286,0.872
4.71429,-3.85714,0.868822
4.71429,-3.57143,0.865617
4.71429,-3.28571,0.862407
4.71429,-3,0.859218
4.71429,-2.71429,0.856084
4.71429,-2.42857,0.853042
4.71429,-2.14286,0.850138
4.71429,-1.85714,0.847421
4.71429,-1.57143,0.844945
4.71429,-1.28571,0.842767
4.71429,-1,0.840941
4.71429,-0.714286,0.83952
4.71429,-0.428571,0.838545
4.71429,-0.142857,0.83805
4.71429,0.142857,0.83805
4.71429,0.428571,0.838545
4.71429,0.714286,0.83952
4.71429,1,0.840941
4.71429,1.28571,0.842767
4.71429,1.57143,0.844945
4.71429,1.85714,0.847421
4.71429,2.14286,0.850138
4.71429,2.42857,0.853042
4.71429,2.71429,0.856084
4.71429,3,0.859218
4.71429,3.28571,0.862407
4.71429,3.57143,0.865617
4.71429,3.85714,0.868822
4.71429,4.14286,0.872
4.71429,4.42857,0.875133
4.71429,4.71429,0.878209
4.71429,5,0.881215
4.71429,5.28571,0.884146
4.71429,5.57143,0.886996
4.71429,5.85714,0.889761
4.71429,6.14286,0.89244
4.71429,6.42857,0.895032
4.71429,6.71429,0.897536
4.71429,7,0.899955
4.71429,7.28571,0.902289
4.71429,7.57143,0.904541
4.71429,7.85714,0.906712
4.71429,8.14286,0.908805
4.71429,8.42857,0.910823
4.71429,8.71429,0.912768
4.71429,9,0.912768
5,-9,0.913792
5,-8.71429,0.913792
5,-8.42857,0.911919
5,-8.14286,0.90998
5,-7.85714,0.907972
5,-7.57143,0.905893
5,-7.28571,0.903743
5,-7,0.901519
5,-6.71429,0.899221
5,-6.42857,0.896847
5,-6.14286,0.894398
5,-5.85714,0.891875
5,-5.57143,0.88928
5,-5.28571,0.886614
5,-5,0.883884
5,-4.71429,0.881095
5,-4.42857,0.878255
5,-4.14286,0.875375
5,-3.85714,0.872469
5,-3.57143,0.869554
5,-3.28571,0.866651
5,-3,0.863785
5,-2.71429,0.860985
5,-2.42857,0.858286
5,-2.14286,0.855725
5,-1.85714,0.853345
5,-1.57143,0.851189
5,-1.28571,0.849303
5,-1,0.847731
5,-0.714286,0.846512
5,-0.428571,0.845679
5,-0.142857,0.845257
5,0.142857,0.845257
5,0.428571,0.845679
5,0.714286,0.846512
5,1,0.847731
5,1.28571,0.849303
5,1.57143,0.851189
5,1.85714,0.853345
5,2.14286,0.855725
5,2.42857,0.858286
5,2.71429,0.860985
5,3,0.863785
5,3.28571,0.866651
5,3.57143,0.869554
5,3.85714,0.872469
5,4.14286,0.875375
5,4.42857,0.878255
5,4.71429,0.881095
5,5,0.883884
5,5.28571,0.886614
5,5.57143,0.88928
5,5.85714,0.891875
5,6.14286,0.894398
5,6.42857,0.896847
5,6.71429,0.899221
5,7,0.901519
5,7.28571,0.903743
5,7.57143,0.905893
5,7.85714,0.907972
5,8.14286,0.90998
5,8.42857,0.911919
5,8.71429,0.913792
5,9,0.913792
5.28571,-9,0.914837
5.28571,-8.71429,0.914837
5.28571,-8.42857,0.913036
5.28571,-8.14286,0.911174
5.28571,-7.85714,0.90925
5.28571,-7.57143,0.907263
5.28571,-7.28571,0.905212
5.28571,-7,0.903096
5.28571,-6.71429,0.900914
5.28571,-6.42857,0.898667
5.28571,-6.14286,0.896356
5.28571,-5.85714,0.893982
5.28571,-5.57143,0.891548
5.28571,-5.28571,0.889058
5.28571,-5,0.886516
5.28571,-4.71429,0.88393
5.28571,-4.42857,0.881308
5.28571,-4.14286,0.878662
5.28571,-3.85714,0.876004
5.28571,-3.57143,0.873352
5.28571,-3.28571,0.870724
5.28571,-3,0.868144
5.28571,-2.71429,0.865637
5.28571,-2.42857,0.863235
5.28571,-2.14286,0.860969
5.28571,-1.85714,0.858874
5.28571,-1.57143,0.856987
5.28571,-1.28571,0.855344
5.28571,-1,0.85398
5.28571,-0.714286,0.852927
5.28571,-0.428571,0.852209
5.28571,-0.142857,0.851845
5.28571,0.142857,0.851845
5.28571,0.428571,0.852209
5.28571,0.714286,0.852927
5.28571,1,0.85398
5.28571,1.28571,0.855344
5.28571,1.57143,0.856987
5.28571,1.85714,0.858874
5.28571,2.14286,0.860969
5.28571,2.42857,0.863235
5.28571,2.71429,0.865637
5.28571,3,0.868144
5.28571,3.28571,0.870724
5.28571,3.57143,0.873352
5.28571,3.85714,0.876004
5.28571,4.14286,0.878662
5.28571,4.42857,0.881308
5.28571,4.71429,0.88393
5.28571,5,0.886516
5.28571,5.28571,0.889058
5.28571,5.57143,0.891548
5.28571,5.85714,0.893982
5.28571,6.14286,0.896356
5.28571,6.42857,0.898667
5.28571,6.71429,0.900914
5.28571,7,0.903096
5.28571,7.28571,0.905212
5.28571,7.57143,0.907263
5.28571,7.85714,0.90925
5.28571,8.14286,0.911174
5.28571,8.42857,0.913036
5.28571,8.71429,0.914837
5.28571,9,0.914837
5.57143,-9,0.915899
5.57143,-8.71429,0.915899
5.57143,-8.42857,0.914168
5.57143,-8.14286,0.912383
5.57143,-7.85714,0.910542
5.57143,-7.57143,0.908645
5.57143,-7.28571,0.90669
5.57143,-7,0.904678
5.57143,-6.71429,0.90261
5.57143,-6.42857,0.900485
5.57143,-6.14286,0.898306
5.57143,-5.85714,0.896074
5.57143,-5.57143,0.893793
5.57143,-5.28571,0.891468
5.57143,-5,0.889103
5.57143,-4.71429,0.886706
5.57143,-4.42857,0.884286
5.57143,-4.14286,0.881853
5.57143,-3.85714,0.879421
5.57143,-3.57143,0.877005
5.57143,-3.28571,0.874623
5.57143,-3,0.872297
5.57143,-2.71429,0.870048
5.57143,-2.42857,0.867903
5.57143,-2.14286,0.86589
5.57143,-1.85714,0.864038
5.57143,-1.57143,0.862378
5.57143,-1.28571,0.860939
5.57143,-1,0.859748
5.57143,-0.714286,0.858832
5.57143,-0.428571,0.858208
5.57143,-0.142857,0.857893
5.57143,0.142857,0.857893
5.57143,0.428571,0.858208
5.57143,0.714286,0.858832
5.57143,1,0.859748
5.57143,1.28571,0.860939
5.57143,1.57143,0.862378
5.57143,1.85714,0.864038
5.57143,2.14286,0.86589
5.57143,2.42857,0.867903
5.57143,2.71429,0.870048
5.57143,3,0.872297
5.57143,3.28571,0.874623
5.57143,3.57143,0.877005
5.57143,3.85714,0.879421
5.57143,4.14286,0.881853
5.57143,4.42857,0.884286
5.57143,4.71429,0.886706
5.57143,5,0.889103
5.57143,5.28571,0.891468
5.57143,5.57143,0.893793
5.57143,5.85714,0.896074
5.57143,6.14286,0.898306
5.57143,6.42857,0.900485
5.57143,6.71429,0.90261
5.57143,7,0.904678
5.57143,7.28571,0.90669
5.57143,7.57143,0.908645
5.57143,7.85714,0.910542
5.57143,8.14286,0.912383
5.57143,8.42857,0.914168
5.57143,8.71429,0.915899
5.57143,9,0.915899
5.85714,-9,0.916974
5.85714,-8.71429,0.916974
5.85714,-8.42857,0.915313
5.85714,-8.14286,0.913603
5.85714,-7.85714,0.911843
5.85714,-7.57143,0.910032
5.85714,-7.28571,0.908172
5.85714,-7,0.906261
5.85714,-6.71429,0.904301
5.85714,-6.42857,0.902294
5.85714,-6.14286,0.90024
5.85714,-5.85714,0.898144
5.85714,-5.57143,0.896008
5.85714,-5.28571,0.893837
5.85714,-5,0.891637
5.85714,-4.71429,0.889415
5.85714,-4.42857,0.887181
5.85714,-4.14286,0.884944
5.85714,-3.85714,0.882716
5.85714,-3.57143,0.880514
5.85714,-3.28571,0.878352
5.85714,-3,0.876249
5.85714,-2.71429,0.874226
5.85714,-2.42857,0.872306
5.85714,-2.14286,0.870511
5.85714,-1.85714,0.868868
5.85714,-1.57143,0.8674
5.85714,-1.28571,0.866132
5.85714,-1,0.865087
5.85714,-0.714286,0.864284
5.85714,-0.428571,0.86374
5.85714,-0.142857,0.863464
5.85714,0.142857,0.863464
5.85714,0.428571,0.86374
5.85714,0.714286,0.864284
5.85714,1,0.865087
5.85714,1.28571,0.866132
5.85714,1.57143,0.8674
5.85714,1.85714,0.868868
5.85714,2.14286,0.870511
5.85714,2.42857,0.872306
5.85714,2.71429,0.874226
5.85714,3,0.876249
5.85714,3.28571,0.878352
5.85714,3.57143,0.880514
5.85714,3.85714,0.882716
5.85714,4.14286,0.884944
5.85714,4.42857,0.887181
5.85714,4.71429,0.889415
5.85714,5,0.891637
5.85714,5.28571,0.893837
5.85714,5.57143,0.896008
5.85714,5.85714,0.898144
5.85714,6.14286,0.90024
5.85714,6.42857,0.902294
5.85714,6.71429,0.904301
5.85714,7,0.906261
5.85714,7.28571,0.908172
5.85714,7.57143,0.910032
5.85714,7.85714,0.911843
5.85714,8.14286,0.913603
5.85714,8.42857,0.915313
5.85714,8.71429,0.916974
5.85714,9,0.916974
6.14286,-9,0.918058
6.14286,-8.71429,0.918058
6.14286,-8.42857,0.916465
6.14286,-8.14286,0.914828
6.14286,-7.85714,0.913147
6.14286,-7.57143,0.911421
6.14286,-7.28571,0.909651
6.14286,-7,0.907838
6.14286,-6.71429,0.905983
6.14286,-6.42857,0.904087
6.14286,-6.14286,0.902153
6.14286,-5.85714,0.900184
6.14286,-5.57143,0.898185
6.14286,-5.28571,0.896158
6.14286,-5,0.894112
6.14286,-4.71429,0.892053
6.14286,-4.42857,0.889989
6.14286,-4.14286,0.88793
6.14286,-3.85714,0.885889
6.14286,-3.57143,0.883878
6.14286,-3.28571,0.881912
6.14286,-3,0.880008
6.14286,-2.71429,0.878184
6.14286,-2.42857,0.876459
6.14286,-2.14286,0.874854
6.14286,-1.85714,0.873389
6.14286,-1.57143,0.872086
6.14286,-1.28571,0.870964
6.14286,-1,0.870041
6.14286,-0.714286,0.869334
6.14286,-0.428571,0.868855
6.14286,-0.142857,0.868613
6.14286,0.142857,0.868613
6.14286,0.428571,0.868855
6.14286,0.714286,0.869334
6.14286,1,0.870041
6.14286,1.28571,0.870964
6.14286,1.57143,0.872086
6.14286,1.85714,0.873389
6.14286,2.14286,0.874854
6.14286,2.42857,0.876459
6.14286,2.71429,0.878184
6.14286,3,0.880008
6.14286,3.28571,0.881912
6.14286,3.57143,0.883878
6.14286,3.85714,0.885889
6.14286,4.14286,0.88793
6.14286,4.42857,0.889989
6.14286,4.71429,0.892053
6.14286,5,0.894112
6.14286,5.28571,0.896158
6.14286,5.57143,0.898185
6.14286,5.85714,0.900184
6.14286,6.14286,0.902153
6.14286,6.42857,0.904087
6.14286,6.71429,0.905983
6.14286,7,0.907838
6.14286,7.28571,0.909651
6.14286,7.57143,0.911421
6.14286,7.85714,0.913147
6.14286,8.14286,0.914828
6.14286,8.42857,0.916465
6.14286,8.71429,0.918058
6.14286,9,0.918058
6.42857,-9,0.919148
6.42857,-8.71429,0.919148
6.42857,-8.42857,0.917622
6.42857,-8.14286,0.916057
6.42857,-7.85714,0.914452
6.42857,-7.57143,0.912808
6.42857,-7.28571,0.911125
6.42857,-7,0.909406
6.42857,-6.71429,0.90765
6.42857,-6.42857,0.905861
6.42857,-6.14286,0.90404
6.42857,-5.85714,0.902192
6.42857,-5.57143,0.90032
6.42857,-5.28571,0.898429
6.42857,-5,0.896525
6.42857,-4.71429,0.894615
6.42857,-4.42857,0.892708
6.42857,-4.14286,0.890812
6.42857,-3.85714,0.888939
6.42857,-3.57143,0.8871
6.42857,-3.28571,0.88531
6.42857,-3,0.883582
6.42857,-2.71429,0.881933
6.42857,-2.42857,0.88038
6.42857,-2.14286,0.878939
6.42857,-1.85714,0.877629
6.42857,-1.57143,0.876466
6.42857,-1.28571,0.875468
6.42857,-1,0.87465
6.42857,-0.714286,0.874023
6.42857,-0.428571,0.8736
6.42857,-0.142857,0.873386
6.42857,0.142857,0.873386
6.42857,0.428571,0.8736
6.42857,0.714286,0.874023
6.42857,1,0.87465
6.42857,1.28571,0.875468
6.42857,1.57143,0.876466
6.42857,1.85714,0.877629
6.42857,2.14286,0.878939
6.42857,2.42857,0.88038
6.42857,2.71429,0.881933
6.42857,3,0.883582
6.42857,3.28571,0.88531
6.42857,3.57143,0.8871
6.42857,3.85714,0.888939
6.42857,4.14286,0.890812
6.42857,4.42857,0.892708
6.42857,4.71429,0.894615
6.42857,5,0.896525
6.42857,5.28571,0.898429
6.42857,5.57143,0.90032
6.42857,5.85714,0.902192
6.42857,6.14286,0.90404
6.42857,6.42857,0.905861
6.42857,6.71429,0.90765
6.42857,7,0.909406
6.42857,7.28571,0.911125
6.42857,7.57143,0.912808
6.42857,7.85714,0.914452
6.42857,8.14286,0.916057
6.42857,8.42857,0.917622
6.42857,8.71429,0.919148
6.42857,9,0.919148
6.71429,-9,0.920242
6.71429,-8.71429,0.920242
6.71429,-8.42857,0.918781
6.71429,-8.14286,0.917284
6.71429,-7.85714,0.915753
6.71429,-7.57143,0.914188
6.71429,-7.28571,0.912589
6.71429,-7,0.910959
6.71429,-6.71429,0.909299
6.71429,-6.42857,0.90761
6.71429,-6.14286,0.905897
6.71429,-5.85714,0.904162
6.71429,-5.57143,0.902409
6.71429,-5.28571,0.900644
6.71429,-5,0.898872
6.71429,-4.71429,0.897101
6.71429,-4.42857,0.895337
6.71429,-4.14286,0.893589
6.71429,-3.85714,0.891868
6.71429,-3.57143,0.890185
6.71429,-3.28571,0.888551
6.71429,-3,0.88698
6.71429,-2.71429,0.885485
6.71429,-2.42857,0.884082
6.71429,-2.14286,0.882785
6.71429,-1.85714,0.881608
6.71429,-1.57143,0.880568
6.71429,-1.28571,0.879676
6.71429,-1,0.878947
6.71429,-0.714286,0.878389
6.71429,-0.428571,0.878013
6.71429,-0.142857,0.877823
6.71429,0.142857,0.877823
6.71429,0.428571,0.878013
6.71429,0.714286,0.878389
6.71429,1,0.878947
6.71429,1.28571,0.879676
6.71429,1.57143,0.880568
6.71429,1.85714,0.881608
6.71429,2.14286,0.882785
6.71429,2.42857,0.884082
6.71429,2.71429,0.885485
6.71429,3,0.88698
6.71429,3.28571,0.888551
6.71429,3.57143,0.890185
6.71429,3.85714,0.891868
6.71429,4.14286,0.893589
6.71429,4.42857,0.895337
6.71429,4.71429,0.897101
6.71429,5,0.898872
6.71429,5.28571,0.900644
6.71429,5.57143,0.902409
6.71429,5.85714,0.904162
6.71429,6.14286,0.905897
6.71429,6.42857,0.90761
6.71429,6.71429,0.909299
6.71429,7,0.910959
6.71429,7.28571,0.912589
6.71429,7.57143,0.914188
6.71429,7.85714,0.915753
6.71429,8.14286,0.917284
6.71429,8.42857,0.918781
6.71429,8.71429,0.920242
6.71429,9,0.920242
7,-9,0.921335
7,-8.71429,0.921335
7,-8.42857,0.919937
7,-8.14286,0.918508
7,-7.85714,0.917048
7,-7.57143,0.915558
7,-7.28571,0.91404
7,-7,0.912495
7,-6.71429,0.910925
7,-6.42857,0.909332
7,-6.14286,0.90772
7,-5.85714,0.906091
7,-5.57143,0.90445
7,-5.28571,0.902802
7,-5,0.901153
7,-4.71429,0.899508
7,-4.42857,0.897875
7,-4.14286,0.896263
7,-3.85714,0.89468
7,-3.57143,0.893136
7,-3.28571,0.891642
7,-3,0.890211
7,-2.71429,0.888853
7,-2.42857,0.887582
7,-2.14286,0.88641
7,-1.85714,0.88535
7,-1.57143,0.884415
7,-1.28571,0.883615
7,-1,0.882962
7,-0.714286,0.882464
7,-0.428571,0.882128
7,-0.142857,0.881959
7,0.142857,0.881959
7,0.428571,0.882128
7,0.714286,0.882464
7,1,0.882962
7,1.28571,0.883615
7,1.57143,0.884415
7,1.85714,0.88535
7,2.14286,0.88641
7,2.42857,0.887582
7,2.71429,0.888853
7,3,0.890211
7,3.28571,0.891642
7,3.57143,0.893136
7,3.85714,0.89468
7,4.14286,0.896263
7,4.42857,0.897875
7,4.71429,0.899508
7,5,0.901153
7,5.28571,0.902802
7,5.57143,0.90445
7,5.85714,0.906091
7,6.14286,0.90772
7,6.42857,0.909332
7,6.71429,0.910925
7,7,0.912495
7,7.28571,0.91404
7,7.57143,0.915558
7,7.85714,0.917048
7,8.14286,0.918508
7,8.42857,0.919937
7,8.71429,0.921335
7,9,0.921335
7.28571,-9,0.922427
7.28571,-8.71429,0.922427
7.28571,-8.42857,0.921089
7.28571,-8.14286,0.919725
7.28571,-7.85714,0.918333
7.28571,-7.57143,0.916916
7.28571,-7.28571,0.915475
7.28571,-7,0.914011
7.28571,-6.71429,0.912527
7.28571,-6.42857,0.911024
7.28571,-6.14286,0.909507
7.28571,-5.85714,0.907978
7.28571,-5.57143,0.906441
7.28571,-5.28571,0.904902
7.28571,-5,0.903365
7.28571,-4.71429,0.901837
7.28571,-4.42857,0.900324
7.28571,-4.14286,0.898835
7.28571,-3.85714,0.897377
7.28571,-3.57143,0.895959
7.28571,-3.28571,0.894591
7.28571,-3,0.893283
7.28571,-2.71429,0.892047
7.28571,-2.42857,0.890892
7.28571,-2.14286,0.889831
7.28571,-1.85714,0.888873
7.28571,-1.57143,0.888029
7.28571,-1.28571,0.88731
7.28571,-1,0.886723
7.28571,-0.714286,0.886276
7.28571,-0.428571,0.885974
7.28571,-0.142857,0.885823
7.28571,0.142857,0.885823
7.28571,0.428571,0.885974
7.28571,0.714286,0.886276
7.28571,1,0.886723
7.28571,1.28571,0.88731
7.28571,1.57143,0.888029
7.28571,1.85714,0.888873
7.28571,2.14286,0.889831
7.28571,2.42857,0.890892
7.28571,2.71429,0.892047
7.28571,3,0.893283
7.28571,3.28571,0.894591
7.28571,3.57143,0.895959
7.28571,3.85714,0.897377
7.28571,4.14286,0.898835
7.28571,4.42857,0.900324
7.28571,4.71429,0.901837
7.28571,5,0.903365
7.28571,5.28571,0.904902
7.28571,5.57143,0.906441
7.28571,5.85714,0.907978
7.28571,6.14286,0.909507
7.28571,6.42857,0.911024
7.28571,6.71429,0.912527
7.28571,7,0.914011
7.28571,7.28571,0.915475
7.28571,7.57143,0.916916
7.28571,7.85714,0.918333
7.28571,8.14286,0.919725
7.28571,8.42857,0.921089
7.28571,8.71429,0.922427
7.28571,9,0.922427
7.57143,-9,0.923514
7.57143,-8.71429,0.923514
7.57143,-8.42857,0.922235
7.57143,-8.14286,0.920932
7.57143,-7.85714,0.919607
7.57143,-7.57143,0.918259
7.57143,-7.28571,0.916891
7.57143,-7,0.915504
7.57143,-6.71429,0.914101
7.57143,-6.42857,0.912684
7.57143,-6.14286,0.911255
7.57143,-5.85714,0.90982
7.57143,-5.57143,0.90838
7.57143,-5.28571,0.906942
7.57143,-5,0.905509
7.57143,-4.71429,0.904089
7.57143,-4.42857,0.902686
7.57143,-4.14286,0.901308
7.57143,-3.85714,0.899963
7.57143,-3.57143,0.898659
7.57143,-3.28571,0.897404
7.57143,-3,0.896207
7.57143,-2.71429,0.895078
7.57143,-2.42857,0.894027
7.57143,-2.14286,0.893063
7.57143,-1.85714,0.892194
7.57143,-1.57143,0.891431
7.57143,-1.28571,0.890781
7.57143,-1,0.890251
7.57143,-0.714286,0.889848
7.57143,-0.428571,0.889577
7.57143,-0.142857,0.889441
7.57143,0.142857,0.889441
7.57143,0.428571,0.889577
7.57143,0.714286,0.889848
7.57143,1,0.890251
7.57143,1.28571,0.890781
7.57143,1.57143,0.891431
7.57143,1.85714,0.892194
7.57143,2.14286,0.893063
7.57143,2.42857,0.894027
7.57143,2.71429,0.895078
7.57143,3,0.896207
7.57143,3.28571,0.897404
7.57143,3.57143,0.898659
7.57143,3.85714,0.899963
7.57143,4.14286,0.901308
7.57143,4.42857,0.902686
7.57143,4.71429,0.904089
7.57143,5,0.905509
7.57143,5.28571,0.906942
7.57143,5.57143,0.90838
7.57143,5.85714,0.90982
7.57143,6.14286,0.911255
7.57143,6.42857,0.912684
7.57143,6.71429,0.914101
7.57143,7,0.915504
7.57143,7.28571,0.916891
7.57143,7.57143,0.918259
7.57143,7.85714,0.919607
7.57143,8.14286,0.920932
7.57143,8.42857,0.922235
7.57143,8.71429,0.923514
7.57143,9,0.923514
7.85714,-9,0.924594
7.85714,-8.71429,0.924594
7.85714,-8.42857,0.923372
7.85714,-8.14286,0.922129
7.85714,-7.85714,0.920866
7.85714,-7.57143,0.919585
7.85714,-7.28571,0.918286
7.85714,-7,0.916973
7.85714,-6.71429,0.915646
7.85714,-6.42857,0.914309
7.85714,-6.14286,0.912965
7.85714,-5.85714,0.911616
7.85714,-5.57143,0.910267
7.85714,-5.28571,0.908922
7.85714,-5,0.907586
7.85714,-4.71429,0.906264
7.85714,-4.42857,0.904962
7.85714,-4.14286,0.903686
7.85714,-3.85714,0.902443
7.85714,-3.57143,0.901241
7.85714,-3.28571,0.900088
7.85714,-3,0.898991
7.85714,-2.71429,0.897958
7.85714,-2.42857,0.896998
7.85714,-2.14286,0.896119
7.85714,-1.85714,0.89533
7.85714,-1.57143,0.894637
7.85714,-1.28571,0.894048
7.85714,-1,0.893568
7.85714,-0.714286,0.893204
7.85714,-0.428571,0.892959
7.85714,-0.142857,0.892836
7.85714,0.142857,0.892836
7.85714,0.428571,0.892959
7.85714,0.714286,0.893204
7.85714,1,0.893568
7.85714,1.28571,0.894048
7.85714,1.57143,0.894637
7.85714,1.85714,0.89533
7.85714,2.14286,0.896119
7.85714,2.42857,0.896998
7.85714,2.71429,0.897958
7.85714,3,0.898991
7.85714,3.28571,0.900088
7.85714,3.57143,0.901241
7.85714,3.85714,0.902443
7.85714,4.14286,0.903686
7.85714,4.42857,0.904962
7.85714,4.71429,0.906264
7.85714,5,0.907586
7.85714,5.28571,0.908922
7.85714,5.57143,0.910267
7.85714,5.85714,0.911616
7.85714,6.14286,0.912965
7.85714,6.42857,0.914309
7.85714,6.71429,0.915646
7.85714,7,0.916973
7.85714,7.28571,0.918286
7.85714,7.57143,0.919585
7.85714,7.85714,0.920866
7.85714,8.14286,0.922129
7.85714,8.42857,0.923372
7.85714,8.71429,0.924594
7.85714,9,0.924594
8.14286,-9,0.925666
8.14286,-8.71429,0.925666
8.14286,-8.42857,0.924498
8.14286,-8.14286,0.923312
8.14286,-7.85714,0.92211
8.14286,-7.57143,0.920892
8.14286,-7.28571,0.919659
8.14286,-7,0.918415
8.14286,-6.71429,0.917161
8.14286,-6.42857,0.915899
8.14286,-6.14286,0.914633
8.14286,-5.85714,0.913366
8.14286,-5.57143,0.912101
8.14286,-5.28571,0.910843
8.14286,-5,0.909595
8.14286,-4.71429,0.908364
8.14286,-4.42857,0.907154
8.14286,-4.14286,0.905971
8.14286,-3.85714,0.904822
8.14286,-3.57143,0.903712
8.14286,-3.28571,0.90265
8.14286,-3,0.901642
8.14286,-2.71429,0.900695
8.14286,-2.42857,0.899817
8.14286,-2.14286,0.899014
8.14286,-1.85714,0.898294
8.14286,-1.57143,0.897663
8.14286,-1.28571,0.897128
8.14286,-1,0.896693
8.14286,-0.714286,0.896362
8.14286,-0.428571,0.89614
8.14286,-0.142857,0.896028
8.14286,0.142857,0.896028
8.14286,0.428571,0.89614
8.14286,0.714286,0.896362
8.14286,1,0.896693
8.14286,1.28571,0.897128
8.14286,1.57143,0.897663
8.14286,1.85714,0.898294
8.14286,2.14286,0.899014
8.14286,2.42857,0.899817
8.14286,2.71429,0.900695
8.14286,3,0.901642
8.14286,3.28571,0.90265
8.14286,3.57143,0.903712
8.14286,3.85714,0.904822
8.14286,4.14286,0.905971
8.14286,4.42857,0.907154
8.14286,4.71429,0.908364
8.14286,5,0.909595
8.14286,5.28571,0.910843
8.14286,5.57143,0.912101
8.14286,5.85714,0.913366
8.14286,6.14286,0.914633
8.14286,6.42857,0.915899
8.14286,6.71429,0.917161
8.14286,7,0.918415
8.14286,7.28571,0.919659
8.14286,7.57143,0.920892
8.14286,7.85714,0.92211
8.14286,8.14286,0.923312
8.14286,8.42857,0.924498
8.14286,8.71429,0.925666
8.14286,9,0.925666
8.42857,-9,0.926728
8.42857,-8.71429,0.926728
8.42857,-8.42857,0.925612
8.42857,-8.14286,0.924481
8.42857,-7.85714,0.923336
8.42857,-7.57143,0.922178
8.42857,-7.28571,0.921009
8.42857,-7,0.91983
8.42857,-6.71429,0.918644
8.42857,-6.42857,0.917453
8.42857,-6.14286,0.916261
8.42857,-5.85714,0.915069
8.42857,-5.57143,0.913882
8.42857,-5.28571,0.912704
8.42857,-5,0.911539
8.42857,-4.71429,0.910391
8.42857,-4.42857,0.909265
8.42857,-4.14286,0.908167
8.42857,-3.85714,0.907103
8.42857,-3.57143,0.906077
8.42857,-3.28571,0.905097
8.42857,-3,0.904169
8.42857,-2.71429,0.903299
8.42857,-2.42857,0.902493
8.42857,-2.14286,0.901759
8.42857,-1.85714,0.9011
8.42857,-1.57143,0.900525
8.42857,-1.28571,0.900036
8.42857,-1,0.89964
8.42857,-0.714286,0.899339
8.42857,-0.428571,0.899137
8.42857,-0.142857,0.899035
8.42857,0.142857,0.899035
8.42857,0.428571,0.899137
8.42857,0.714286,0.899339
8.42857,1,0.89964
8.42857,1.28571,0.900036
8.42857,1.57143,0.900525
8.42857,1.85714,0.9011
8.42857,2.14286,0.901759
8.42857,2.42857,0.902493
8.42857,2.71429,0.903299
8.42857,3,0.904169
8.42857,3.28571,0.905097
8.42857,3.57143,0.906077
8.42857,3.85714,0.907103
8.42857,4.14286,0.908167
8.42857,4.42857,0.909265
8.42857,4.71429,0.910391
8.42857,5,0.911539
8.42857,5.28571,0.912704
8.42857,5.57143,0.913882
8.42857,5.85714,0.915069
8.42857,6.14286,0.916261
8.42857,6.42857,0.917453
8.42857,6.71429,0.918644
8.42857,7,0.91983
8.42857,7.28571,0.921009
8.42857,7.57143,0.922178
8.42857,7.85714,0.923336
8.42857,8.14286,0.924481
8.42857,8.42857,0.925612
8.42857,8.71429,0.926728
8.42857,9,0.926728
8.71429,-9,0.927779
8.71429,-8.71429,0.927779
8.71429,-8.42857,0.926713
8.71429,-8.14286,0.925635
8.71429,-7.85714,0.924544
8.71429,-7.57143,0.923443
8.71429,-7.28571,0.922333
8.71429,-7,0.921216
8.71429,-6.71429,0.920094
8.71429,-6.42857,0.91897
8.71429,-6.14286,0.917846
8.71429,-5.85714,0.916726
8.71429,-5.57143,0.915612
8.71429,-5.28571,0.914508
8.71429,-5,0.913418
8.71429,-4.71429,0.912347
8.71429,-4.42857,0.911299
8.71429,-4.14286,0.910278
8.71429,-3.85714,0.90929
8.71429,-3.57143,0.908341
8.71429,-3.28571,0.907436
8.71429,-3,0.906579
8.71429,-2.71429,0.905778
8.71429,-2.42857,0.905038
8.71429,-2.14286,0.904363
8.71429,-1.85714,0.90376
8.71429,-1.57143,0.903233
8.71429,-1.28571,0.902787
8.71429,-1,0.902424
8.71429,-0.714286,0.90215
8.71429,-0.428571,0.901966
8.71429,-0.142857,0.901873
8.71429,0.142857,0.901873
8.71429,0.428571,0.901966
8.71429,0.714286,0.90215
8.71429,1,0.902424
8.71429,1.28571,0.902787
8.71429,1.57143,0.903233
8.71429,1.85714,0.90376
8.71429,2.14286,0.904363
8.71429,2.42857,0.905038
8.71429,2.71429,0.905778
8.71429,3,0.906579
8.71429,3.28571,0.907436
8.71429,3.57143,0.908341
8.71429,3.85714,0.90929
8.71429,4.14286,0.910278
8.71429,4.42857,0.911299
8.71429,4.71429,0.912347
8.71429,5,0.913418
8.71429,5.28571,0.914508
8.71429,5.57143,0.915612
8.71429,5.85714,0.916726
8.71429,6.14286,0.917846
8.71429,6.42857,0.91897
8.71429,6.71429,0.920094
8.71429,7,0.921216
8.71429,7.28571,0.922333
8.71429,7.57143,0.923443
8.71429,7.85714,0.924544
8.71429,8.14286,0.925635
8.71429,8.42857,0.926713
8.71429,8.71429,0.927779
8.71429,9,0.927779
9,-9,0.927779
9,-8.71429,0.927779
9,-8.42857,0.926713
9,-8.14286,0.925635
9,-7.85714,0.924544
9,-7.57143,0.923443
9,-7.28571,0.922333
9,-7,0.921216
9,-6.71429,0.920094
9,-6.42857,0.91897
9,-6.14286,0.917846
9,-5.85714,0.916726
9,-5.57143,0.915612
9,-5.28571,0.914508
9,-5,0.913418
9,-4.71429,0.912347
9,-4.42857,0.911299
9,-4.14286,0.910278
9,-3.85714,0.90929
9,-3.57143,0.908341
9,-3.28571,0.907436
9,-3,0.906579
9,-2.71429,0.905778
9,-2.42857,0.905038
9,-2.14286,0.904363
9,-1.85714,0.90376
9,-1.57143,0.903233
9,-1.28571,0.902787
9,-1,0.902424
9,-0.714286,0.90215
9,-0.428571,0.901966
9,-0.142857,0.901873
9,0.142857,0.901873
9,0.428571,0.901966
9,0.714286,0.90215
9,1,0.902424
9,1.28571,0.902787
9,1.57143,0.903233
9,1.85714,0.90376
9,2.14286,0.904363
9,2.42857,0.905038
9,2.71429,0.905778
9,3,0.906579
9,3.28571,0.907436
9,3.57143,0.908341
9,3.85714,0.90929
9,4.14286,0.910278
9,4.42857,0.911299
9,4.71429,0.912347
9,5,0.913418
9,5.28571,0.914508
9,5.57143,0.915612
9,5.85714,0.916726
9,6.14286,0.917846
9,6.42857,0.91897
9,6.71429,0.920094
9,7,0.921216
9,7.28571,0.922333
9,7.57143,0.923443
9,7.85714,0.924544
9,8.14286,0.925635
9,8.42857,0.926713
9,8.71429,0.927779
9,9,0.927779
